"StichtagDatJahr","xkoord","ykoord","GebOrtSort","GebOrtLang","GebLandSort","GebLandLang","AnzBestWir"
2016,679586,236582,1,"Aeugst am Albis",8100,"Schweiz",7
2016,676378,237257,2,"Affoltern am Albis",8100,"Schweiz",1134
2016,677700,241115,3,"Bonstetten",8100,"Schweiz",7
2016,683276,233236,4,"Hausen am Albis",8100,"Schweiz",16
2016,676727,239497,5,"Hedingen",8100,"Schweiz",7
2016,681298,231020,6,"Kappel am Albis",8100,"Schweiz",5
2016,677567,231020,7,"Knonau",8100,"Schweiz",6
2016,675046,232040,8,"Maschwanden",8100,"Schweiz",7
2016,677711,233259,9,"Mettmenstetten",8100,"Schweiz",9
2016,674443,235020,10,"Obfelden",8100,"Schweiz",12
2016,673392,237161,11,"Ottenbach",8100,"Schweiz",15
2016,680230,233240,12,"Rifferswil",8100,"Schweiz",4
2016,679538,241507,13,"Stallikon",8100,"Schweiz",6
2016,677983,243410,14,"Wettswil am Albis",8100,"Schweiz",3
2016,695330,271432,21,"Adlikon",8100,"Schweiz",5
2016,691228,278828,22,"Benken (ZH)",8100,"Schweiz",4
2016,686854,268491,23,"Berg am Irchel",8100,"Schweiz",9
2016,689406,266977,24,"Buch am Irchel",8100,"Schweiz",2
2016,689070,279517,25,"Dachsen",8100,"Schweiz",7
2016,691130,269728,26,"Dorf",8100,"Schweiz",2
2016,691064,282396,27,"Feuerthalen",8100,"Schweiz",14
2016,687816,271031,28,"Flaach",8100,"Schweiz",7
2016,690193,282043,29,"Flurlingen",8100,"Schweiz",5
2016,693080,272189,30,"Andelfingen",8100,"Schweiz",10
2016,693717,268595,31,"Henggart",8100,"Schweiz",5
2016,692322,273865,33,"Kleinandelfingen",8100,"Schweiz",8
2016,690455,280574,34,"Laufen-Uhwiesen",8100,"Schweiz",4
2016,689887,274918,35,"Marthalen",8100,"Schweiz",19
2016,702605,275954,36,"Oberstammheim",8100,"Schweiz",9
2016,696394,274254,37,"Ossingen",8100,"Schweiz",3
2016,688526,275963,38,"Rheinau",8100,"Schweiz",13
2016,693744,277769,40,"Trüllikon",8100,"Schweiz",3
2016,697033,276579,41,"Truttikon",8100,"Schweiz",2
2016,701518,278226,42,"Unterstammheim",8100,"Schweiz",4
2016,683384,261791,51,"Bachenbülach",8100,"Schweiz",5
2016,689969,255066,52,"Bassersdorf",8100,"Schweiz",24
2016,683176,264836,53,"Bülach",8100,"Schweiz",2480
2016,688681,253172,54,"Dietlikon",8100,"Schweiz",8
2016,681502,269700,55,"Eglisau",8100,"Schweiz",27
2016,687387,262724,56,"Embrach",8100,"Schweiz",34
2016,686239,266352,57,"Freienstein-Teufen",8100,"Schweiz",7
2016,679462,268248,58,"Glattfelden",8100,"Schweiz",19
2016,680575,264735,59,"Hochfelden",8100,"Schweiz",4
2016,680129,262426,60,"Höri",8100,"Schweiz",6
2016,679709,271842,61,"Hüntwangen",8100,"Schweiz",10
2016,686608,257033,62,"Kloten",8100,"Schweiz",24
2016,686970,259739,63,"Lufingen",8100,"Schweiz",4
2016,691383,256974,64,"Nürensdorf",8100,"Schweiz",4
2016,689960,260476,65,"Oberembrach",8100,"Schweiz",2
2016,685584,253802,66,"Opfikon",8100,"Schweiz",30
2016,683122,274202,67,"Rafz",8100,"Schweiz",18
2016,685079,265448,68,"Rorbas",8100,"Schweiz",13
2016,687299,252618,69,"Wallisellen",8100,"Schweiz",41
2016,677714,272298,70,"Wasterkingen",8100,"Schweiz",6
2016,680675,273656,71,"Wil (ZH)",8100,"Schweiz",6
2016,684413,260191,72,"Winkel",8100,"Schweiz",3
2016,674670,264680,81,"Bachs",8100,"Schweiz",6
2016,672913,258264,82,"Boppelsen",8100,"Schweiz",2
2016,675322,256914,83,"Buchs (ZH)",8100,"Schweiz",5
2016,674990,254736,84,"Dällikon",8100,"Schweiz",2
2016,672903,255261,85,"Dänikon",8100,"Schweiz",4
2016,676436,258867,86,"Dielsdorf",8100,"Schweiz",1013
2016,671842,255038,87,"Hüttikon",8100,"Schweiz",2
2016,678032,262685,88,"Neerach",8100,"Schweiz",6
2016,679888,260734,89,"Niederglatt",8100,"Schweiz",10
2016,679394,258119,90,"Niederhasli",8100,"Schweiz",6
2016,670536,261874,91,"Niederweningen",8100,"Schweiz",12
2016,681849,259295,92,"Oberglatt",8100,"Schweiz",20
2016,672859,262324,93,"Oberweningen",8100,"Schweiz",4
2016,671830,257589,94,"Otelfingen",8100,"Schweiz",5
2016,674503,259016,95,"Regensberg",8100,"Schweiz",2
2016,677908,254852,96,"Regensdorf",8100,"Schweiz",26
2016,682283,255876,97,"Rümlang",8100,"Schweiz",21
2016,671818,261607,98,"Schleinikon",8100,"Schweiz",5
2016,673916,261966,99,"Schöfflisdorf",8100,"Schweiz",3
2016,677659,265726,100,"Stadel",8100,"Schweiz",9
2016,675747,261389,101,"Steinmaur",8100,"Schweiz",12
2016,675418,267687,102,"Weiach",8100,"Schweiz",9
2016,708200,244116,111,"Bäretswil",8100,"Schweiz",68
2016,703634,236170,112,"Bubikon",8100,"Schweiz",7
2016,707217,237015,113,"Dürnten",8100,"Schweiz",20
2016,713430,244241,114,"Fischenthal",8100,"Schweiz",16
2016,700620,239887,115,"Gossau (ZH)",8100,"Schweiz",18
2016,700180,237337,116,"Grüningen",8100,"Schweiz",8
2016,707116,239994,117,"Hinwil",8100,"Schweiz",26
2016,708045,235115,118,"Rüti (ZH)",8100,"Schweiz",469
2016,700435,244318,119,"Seegräben",8100,"Schweiz",5
2016,712480,238229,120,"Wald (ZH)",8100,"Schweiz",379
2016,703240,242287,121,"Wetzikon (ZH)",8100,"Schweiz",1484
2016,681886,240314,131,"Adliswil",8100,"Schweiz",562
2016,688052,230493,132,"Hirzel",8100,"Schweiz",11
2016,686732,233607,133,"Horgen",8100,"Schweiz",1272
2016,692939,225409,134,"Hütten",8100,"Schweiz",8
2016,683543,241785,135,"Kilchberg (ZH)",8100,"Schweiz",3336
2016,682511,237142,136,"Langnau am Albis",8100,"Schweiz",13
2016,685650,236332,137,"Oberrieden",8100,"Schweiz",13
2016,694553,228494,138,"Richterswil",8100,"Schweiz",2324
2016,683716,239845,139,"Rüschlikon",8100,"Schweiz",14
2016,691147,227609,140,"Schönenberg (ZH)",8100,"Schweiz",7
2016,684753,237962,141,"Thalwil",8100,"Schweiz",842
2016,691910,231158,142,"Wädenswil",8100,"Schweiz",376
2016,688618,239987,151,"Erlenbach (ZH)",8100,"Schweiz",9
2016,690199,239171,152,"Herrliberg",8100,"Schweiz",77
2016,700700,234424,153,"Hombrechtikon",8100,"Schweiz",25
2016,689005,241723,154,"Küsnacht (ZH)",8100,"Schweiz",39
2016,695373,235139,155,"Männedorf",8100,"Schweiz",1717
2016,691670,237437,156,"Meilen",8100,"Schweiz",45
2016,697132,236732,157,"Oetwil am See",8100,"Schweiz",6
2016,698192,233901,158,"Stäfa",8100,"Schweiz",70
2016,694115,236343,159,"Uetikon am See",8100,"Schweiz",18
2016,689715,243356,160,"Zumikon",8100,"Schweiz",9
2016,687423,244182,161,"Zollikon",8100,"Schweiz",6677
2016,699035,249177,172,"Fehraltorf",8100,"Schweiz",6
2016,705054,247090,173,"Hittnau",8100,"Schweiz",12
2016,693838,255380,176,"Lindau",8100,"Schweiz",13
2016,702451,247272,177,"Pfäffikon",8100,"Schweiz",277
2016,701703,251002,178,"Russikon",8100,"Schweiz",3
2016,700781,254277,180,"Weisslingen",8100,"Schweiz",13
2016,707591,252042,181,"Wila",8100,"Schweiz",6
2016,704821,252814,182,"Wildberg",8100,"Schweiz",6
2016,689017,249372,191,"Dübendorf",8100,"Schweiz",110
2016,695060,239311,192,"Egg",8100,"Schweiz",19
2016,690403,247232,193,"Fällanden",8100,"Schweiz",7
2016,693848,246926,194,"Greifensee",8100,"Schweiz",3
2016,692287,243428,195,"Maur",8100,"Schweiz",41
2016,697436,241160,196,"Mönchaltorf",8100,"Schweiz",12
2016,691956,248680,197,"Schwerzenbach",8100,"Schweiz",6
2016,696815,245413,198,"Uster",8100,"Schweiz",3424
2016,694541,249951,199,"Volketswil",8100,"Schweiz",12
2016,691138,252079,200,"Wangen-Brüttisellen",8100,"Schweiz",11
2016,701298,270553,211,"Altikon",8100,"Schweiz",5
2016,693125,258988,213,"Brütten",8100,"Schweiz",1
2016,696781,268813,214,"Dägerlen",8100,"Schweiz",1
2016,689180,264823,215,"Dättlikon",8100,"Schweiz",4
2016,699705,268368,216,"Dinhard",8100,"Schweiz",4
2016,707365,260880,217,"Elgg",8100,"Schweiz",17
2016,703053,262191,219,"Elsau",8100,"Schweiz",8
2016,708098,263787,220,"Hagenbuch",8100,"Schweiz",7
2016,695511,267232,221,"Hettlingen",8100,"Schweiz",7
2016,706833,259114,222,"Hofstetten (ZH)",8100,"Schweiz",1
2016,692449,266014,223,"Neftenbach",8100,"Schweiz",5
2016,690569,262859,224,"Pfungen",8100,"Schweiz",5
2016,702026,267570,225,"Rickenbach (ZH)",8100,"Schweiz",4
2016,704734,258731,226,"Schlatt (ZH)",8100,"Schweiz",5
2016,696976,265641,227,"Seuzach",8100,"Schweiz",9
2016,708774,254539,228,"Turbenthal",8100,"Schweiz",8
2016,697589,261586,230,"Winterthur",8100,"Schweiz",5221
2016,703175,256383,231,"Zell (ZH)",8100,"Schweiz",11
2016,675195,243217,241,"Aesch (ZH)",8100,"Schweiz",2
2016,675454,245163,242,"Birmensdorf (ZH)",8100,"Schweiz",18
2016,672445,250518,243,"Dietikon",8100,"Schweiz",131
2016,673470,252645,244,"Geroldswil",8100,"Schweiz",10
2016,677461,251658,245,"Oberengstringen",8100,"Schweiz",61
2016,672308,253703,246,"Oetwil an der Limmat",8100,"Schweiz",4
2016,676292,249826,247,"Schlieren",8100,"Schweiz",3952
2016,677171,246715,248,"Uitikon",8100,"Schweiz",9
2016,675343,251554,249,"Unterengstringen",8100,"Schweiz",6
2016,674347,248181,250,"Urdorf",8100,"Schweiz",35
2016,674859,252588,251,"Weiningen (ZH)",8100,"Schweiz",7
2016,682680,248280,261,"Zürich",8100,"Schweiz",123144
2016,696330,254322,296,"Illnau-Effretikon",8100,"Schweiz",37
2016,709342,247928,297,"Bauma",8100,"Schweiz",132
2016,703879,265321,298,"Wiesendangen",8100,"Schweiz",15
2016,588168,210470,301,"Aarberg",8100,"Schweiz",128
2016,593778,213145,303,"Grossaffoltern",8100,"Schweiz",4
2016,583170,206896,304,"Kallnach",8100,"Schweiz",5
2016,587739,213566,305,"Kappelen",8100,"Schweiz",2
2016,590899,214543,306,"Lyss",8100,"Schweiz",11
2016,594364,206044,307,"Meikirch",8100,"Schweiz",1
2016,587103,205544,309,"Radelfingen",8100,"Schweiz",3
2016,598119,212586,310,"Rapperswil (BE)",8100,"Schweiz",3
2016,595302,209413,311,"Schüpfen",8100,"Schweiz",2
2016,590601,208296,312,"Seedorf (BE)",8100,"Schweiz",5
2016,624590,231658,321,"Aarwangen",8100,"Schweiz",10
2016,629817,220652,322,"Auswil",8100,"Schweiz",1
2016,622235,231991,323,"Bannwil",8100,"Schweiz",2
2016,629628,226369,325,"Busswil bei Melchnau",8100,"Schweiz",1
2016,632536,221553,326,"Gondiswil",8100,"Schweiz",2
2016,627837,229404,329,"Langenthal",8100,"Schweiz",444
2016,626747,226481,331,"Lotzwil",8100,"Schweiz",10
2016,627271,223064,332,"Madiswil",8100,"Schweiz",12
2016,631653,225211,333,"Melchnau",8100,"Schweiz",7
2016,629319,227885,334,"Obersteckholz",8100,"Schweiz",2
2016,628607,231711,337,"Roggwil (BE)",8100,"Schweiz",11
2016,628198,220163,338,"Rohrbach",8100,"Schweiz",5
2016,627740,218084,339,"Rohrbachgraben",8100,"Schweiz",1
2016,625203,224522,340,"Rütschelen",8100,"Schweiz",3
2016,624806,233971,341,"Schwarzhäusern",8100,"Schweiz",1
2016,623265,228203,342,"Thunstetten",8100,"Schweiz",6
2016,624665,219838,344,"Ursenbach",8100,"Schweiz",1
2016,627801,233975,345,"Wynau",8100,"Schweiz",11
2016,597091,199999,351,"Bern",8100,"Schweiz",5446
2016,605706,203516,352,"Bolligen",8100,"Schweiz",24
2016,599787,203009,353,"Bremgarten bei Bern",8100,"Schweiz",6
2016,598235,205091,354,"Kirchlindach",8100,"Schweiz",2
2016,597037,194472,355,"Köniz",8100,"Schweiz",40
2016,604575,197980,356,"Muri bei Bern",8100,"Schweiz",112
2016,597877,190448,357,"Oberbalm",8100,"Schweiz",3
2016,606426,200569,358,"Stettlen",8100,"Schweiz",1
2016,609778,201467,359,"Vechigen",8100,"Schweiz",4
2016,592887,203498,360,"Wohlen bei Bern",8100,"Schweiz",6
2016,601073,204851,361,"Zollikofen",8100,"Schweiz",14
2016,602651,203418,362,"Ittigen",8100,"Schweiz",2
2016,604306,200532,363,"Ostermundigen",8100,"Schweiz",3
2016,586349,222057,371,"Biel/Bienne",8100,"Schweiz",1129
2016,583477,221631,372,"Evilard",8100,"Schweiz",2
2016,599585,223972,381,"Arch",8100,"Schweiz",4
2016,594802,221184,383,"Büren an der Aare",8100,"Schweiz",6
2016,594367,217154,385,"Diessbach bei Büren",8100,"Schweiz",1
2016,593188,219614,386,"Dotzigen",8100,"Schweiz",2
2016,594440,225811,387,"Lengnau (BE)",8100,"Schweiz",3
2016,602211,224446,388,"Leuzigen",8100,"Schweiz",1
2016,593507,223398,390,"Meinisberg",8100,"Schweiz",3
2016,591537,224868,392,"Pieterlen",8100,"Schweiz",4
2016,597977,222290,393,"Rüti bei Büren",8100,"Schweiz",1
2016,608390,216284,401,"Aefligen",8100,"Schweiz",3
2016,615601,219216,402,"Alchenstorf",8100,"Schweiz",1
2016,606986,207275,403,"Bäriswil",8100,"Schweiz",1
2016,613596,211587,404,"Burgdorf",8100,"Schweiz",301
2016,612675,216482,405,"Ersigen",8100,"Schweiz",4
2016,615457,205543,406,"Hasle bei Burgdorf",8100,"Schweiz",7
2016,618023,212256,407,"Heimiswil",8100,"Schweiz",5
2016,608027,209973,409,"Hindelbank",8100,"Schweiz",4
2016,612489,214813,412,"Kirchberg (BE)",8100,"Schweiz",11
2016,612537,220635,413,"Koppigen",8100,"Schweiz",3
2016,609467,206479,414,"Krauchthal",8100,"Schweiz",6
2016,610589,212938,415,"Lyssach",8100,"Schweiz",3
2016,609911,210474,416,"Mötschwil",8100,"Schweiz",14
2016,612792,207820,418,"Oberburg",8100,"Schweiz",18
2016,609888,214839,420,"Rüdtligen-Alchenflüh",8100,"Schweiz",2
2016,619111,217077,424,"Wynigen",8100,"Schweiz",4
2016,577016,226478,431,"Corgémont",8100,"Schweiz",2
2016,575245,225102,433,"Cortébert",8100,"Schweiz",1
2016,572019,224957,434,"Courtelary",8100,"Schweiz",1
2016,565951,222413,443,"Saint-Imier",8100,"Schweiz",27
2016,580368,226737,444,"Sonceboz-Sombeval",8100,"Schweiz",2
2016,563058,221526,445,"Sonvilier",8100,"Schweiz",1
2016,574041,230770,446,"Tramelan",8100,"Schweiz",10
2016,568264,223347,448,"Villeret",8100,"Schweiz",3
2016,584845,227122,450,"Péry-La Heutte",8100,"Schweiz",1
2016,573516,209423,492,"Erlach",8100,"Schweiz",2
2016,571322,209341,494,"Gals",8100,"Schweiz",1
2016,570870,206069,495,"Gampelen",8100,"Schweiz",1
2016,573966,205542,496,"Ins",8100,"Schweiz",10
2016,606985,220681,533,"Bätterkinden",8100,"Schweiz",5
2016,605584,215551,538,"Fraubrunnen",8100,"Schweiz",6
2016,604175,211559,540,"Jegenstorf",8100,"Schweiz",164
2016,602905,212752,541,"Iffwil",8100,"Schweiz",3
2016,606232,207872,543,"Mattstetten",8100,"Schweiz",1
2016,603569,206642,544,"Moosseedorf",8100,"Schweiz",2
2016,600506,207375,546,"Münchenbuchsee",8100,"Schweiz",6
2016,604567,207765,551,"Urtenen-Schönbühl",8100,"Schweiz",4
2016,609498,219263,552,"Utzenstorf",8100,"Schweiz",9
2016,609065,222428,554,"Wiler bei Utzenstorf",8100,"Schweiz",1
2016,610057,223016,556,"Zielebach",8100,"Schweiz",1
2016,609116,146712,561,"Adelboden",8100,"Schweiz",20
2016,623613,163686,562,"Aeschi bei Spiez",8100,"Schweiz",4
2016,613620,156361,563,"Frutigen",8100,"Schweiz",84
2016,618558,153951,564,"Kandergrund",8100,"Schweiz",4
2016,620847,146286,565,"Kandersteg",8100,"Schweiz",3
2016,623073,166508,566,"Krattigen",8100,"Schweiz",1
2016,622209,158035,567,"Reichenbach im Kandertal",8100,"Schweiz",5
2016,627817,174089,571,"Beatenberg",8100,"Schweiz",3
2016,637130,169815,572,"Bönigen",8100,"Schweiz",1
2016,645606,175709,573,"Brienz (BE)",8100,"Schweiz",17
2016,649956,175795,574,"Brienzwiler",8100,"Schweiz",1
2016,646435,163348,576,"Grindelwald",8100,"Schweiz",7
2016,638175,166657,578,"Gündlischwand",8100,"Schweiz",2
2016,634530,178191,579,"Habkern",8100,"Schweiz",1
2016,632469,170660,581,"Interlaken",8100,"Schweiz",15
2016,642020,172244,582,"Iseltwald",8100,"Schweiz",2
2016,635449,155829,584,"Lauterbrunnen",8100,"Schweiz",9
2016,626031,165596,585,"Leissigen",8100,"Schweiz",1
2016,639350,166071,586,"Lütschental",8100,"Schweiz",2
2016,633145,169148,587,"Matten bei Interlaken",8100,"Schweiz",8
2016,637184,175058,588,"Niederried bei Interlaken",8100,"Schweiz",1
2016,639693,178702,589,"Oberried am Brienzersee",8100,"Schweiz",4
2016,634529,173169,590,"Ringgenberg (BE)",8100,"Schweiz",4
2016,647063,180098,592,"Schwanden bei Brienz",8100,"Schweiz",1
2016,630834,171706,593,"Unterseen",8100,"Schweiz",327
2016,632788,166017,594,"Wilderswil",8100,"Schweiz",5
2016,616804,198209,602,"Arni (BE)",8100,"Schweiz",3
2016,614287,197438,603,"Biglen",8100,"Schweiz",4
2016,620056,192993,605,"Bowil",8100,"Schweiz",5
2016,613617,184838,606,"Brenzikofen",8100,"Schweiz",2
2016,614706,190320,607,"Freimettigen",8100,"Schweiz",1
2016,614819,194997,608,"Grosshöchstetten",8100,"Schweiz",65
2016,612646,189586,609,"Häutligen",8100,"Schweiz",2
2016,613264,186303,610,"Herbligen",8100,"Schweiz",1
2016,610809,184658,611,"Kiesen",8100,"Schweiz",1
2016,613007,192835,612,"Konolfingen",8100,"Schweiz",13
2016,618718,188506,614,"Linden",8100,"Schweiz",4
2016,609784,192539,616,"Münsingen",8100,"Schweiz",90
2016,615898,191144,617,"Niederhünigen",8100,"Schweiz",3
2016,615252,186926,619,"Oberdiessbach",8100,"Schweiz",98
2016,618152,196602,620,"Oberthal",8100,"Schweiz",1
2016,612015,185077,622,"Oppligen",8100,"Schweiz",1
2016,607912,194051,623,"Rubigen",8100,"Schweiz",3
2016,613219,195206,624,"Schlosswil",8100,"Schweiz",2
2016,614319,201008,626,"Walkringen",8100,"Schweiz",4
2016,610026,197538,627,"Worb",8100,"Schweiz",9
2016,617449,193819,628,"Zäziwil",8100,"Schweiz",7
2016,610842,188167,632,"Wichtrach",8100,"Schweiz",6
2016,592171,200387,663,"Frauenkappelen",8100,"Schweiz",1
2016,585073,195777,667,"Laupen",8100,"Schweiz",16
2016,587292,199615,668,"Mühleberg",8100,"Schweiz",5
2016,589298,195018,670,"Neuenegg",8100,"Schweiz",5
2016,594169,231955,690,"Court",8100,"Schweiz",1
2016,593813,236229,700,"Moutier",8100,"Schweiz",54
2016,583361,230549,703,"Reconvilier",8100,"Schweiz",4
2016,595671,239203,704,"Roches (BE)",8100,"Schweiz",2
2016,608442,242358,708,"Schelten",8100,"Schweiz",1
2016,580711,229961,713,"Tavannes",8100,"Schweiz",5
2016,584390,236045,716,"Petit-Val",8100,"Schweiz",1
2016,587405,232087.5,717,"Valbirse",8100,"Schweiz",2
2016,574551,213883,723,"La Neuveville",8100,"Schweiz",1
2016,588375,218507,731,"Aegerten",8100,"Schweiz",1
2016,587853,219720,733,"Brügg",8100,"Schweiz",6
2016,585393,212850,734,"Bühl",8100,"Schweiz",1
2016,583430,213310,735,"Epsach",8100,"Schweiz",1
2016,585048,219227,743,"Nidau",8100,"Schweiz",7
2016,589754,221200,744,"Orpund",8100,"Schweiz",4
2016,591104,222250,746,"Safnern",8100,"Schweiz",2
2016,589668,218023,749,"Studen (BE)",8100,"Schweiz",1
2016,583429,216455,750,"Sutz-Lattrigen",8100,"Schweiz",1
2016,581736,212697,751,"Täuffelen",8100,"Schweiz",1
2016,583674,211307,754,"Walperswil",8100,"Schweiz",2
2016,589192,216608,755,"Worben",8100,"Schweiz",2
2016,579492,216815,756,"Twann-Tüscherz",8100,"Schweiz",3
2016,603952,168272,761,"Därstetten",8100,"Schweiz",2
2016,607065,159993,762,"Diemtigen",8100,"Schweiz",3
2016,607845,167458,763,"Erlenbach im Simmental",8100,"Schweiz",41
2016,599202,166874,766,"Oberwil im Simmental",8100,"Schweiz",1
2016,612670,171359,767,"Reutigen",8100,"Schweiz",1
2016,617894,170766,768,"Spiez",8100,"Schweiz",17
2016,615643,167819,769,"Wimmis",8100,"Schweiz",4
2016,662155,161666,782,"Guttannen",8100,"Schweiz",1
2016,660610,177332,783,"Hasliberg",8100,"Schweiz",4
2016,665684,171225,784,"Innertkirchen",8100,"Schweiz",4
2016,653715,173928,785,"Meiringen",8100,"Schweiz",107
2016,655731,171311,786,"Schattenhalb",8100,"Schweiz",3
2016,593752,161066,791,"Boltigen",8100,"Schweiz",8
2016,601745,141905,792,"Lenk",8100,"Schweiz",8
2016,599533,149614,793,"St. Stephan",8100,"Schweiz",1
2016,595068,155087,794,"Zweisimmen",8100,"Schweiz",50
2016,585632,136592,841,"Gsteig",8100,"Schweiz",2
2016,592439,138523,842,"Lauenen",8100,"Schweiz",3
2016,588479,148900,843,"Saanen",8100,"Schweiz",61
2016,593093,176034,852,"Guggisberg",8100,"Schweiz",8
2016,597424,177299,853,"Rüschegg",8100,"Schweiz",4
2016,593500,185786,855,"Schwarzenburg",8100,"Schweiz",29
2016,605531,192937,861,"Belp",8100,"Schweiz",93
2016,604878,182247,863,"Burgistein",8100,"Schweiz",3
2016,607865,188448,866,"Gerzensee",8100,"Schweiz",1
2016,607393,180406,867,"Gurzelen",8100,"Schweiz",6
2016,604412,187617,869,"Kaufdorf",8100,"Schweiz",1
2016,602366,195650,870,"Kehrsatz",8100,"Schweiz",1
2016,608111,185154,872,"Kirchdorf (BE)",8100,"Schweiz",2
2016,605147,185908,873,"Kirchenthurnen",8100,"Schweiz",1
2016,605480,184972,876,"Mühlethurnen",8100,"Schweiz",2
2016,601582,189717,877,"Niedermuhlern",8100,"Schweiz",1
2016,601752,180667,879,"Riggisberg",8100,"Schweiz",32
2016,599346,182860,880,"Rüeggisberg",8100,"Schweiz",7
2016,603929,186244,881,"Rümligen",8100,"Schweiz",1
2016,607679,182173,883,"Seftigen",8100,"Schweiz",2
2016,604150,189886,884,"Toffen",8100,"Schweiz",5
2016,604024,178658,886,"Wattenwil",8100,"Schweiz",29
2016,601590,192263,888,"Wald (BE)",8100,"Schweiz",2
2016,628137,190530,901,"Eggiwil",8100,"Schweiz",6
2016,628281,200534,902,"Langnau im Emmental",8100,"Schweiz",187
2016,623540,201290,903,"Lauperswil",8100,"Schweiz",7
2016,624654,188130,904,"Röthenbach im Emmental",8100,"Schweiz",4
2016,621901,203078,905,"Rüderswil",8100,"Schweiz",10
2016,634008,184845,906,"Schangnau",8100,"Schweiz",3
2016,622641,196164,907,"Signau",8100,"Schweiz",7
2016,634668,200555,908,"Trub",8100,"Schweiz",5
2016,630308,195425,909,"Trubschachen",8100,"Schweiz",6
2016,611305,175136,921,"Amsoldingen",8100,"Schweiz",1
2016,604399,175264,922,"Blumenstein",8100,"Schweiz",2
2016,619142,185404,923,"Buchholterberg",8100,"Schweiz",8
2016,628018,181595,924,"Eriz",8100,"Schweiz",4
2016,616336,182936,925,"Fahrni",8100,"Schweiz",3
2016,618613,177894,927,"Heiligenschwendi",8100,"Schweiz",2
2016,612617,182291,928,"Heimberg",8100,"Schweiz",2
2016,616770,176921,929,"Hilterfingen",8100,"Schweiz",9
2016,618538,180540,931,"Homberg",8100,"Schweiz",3
2016,618210,175883,934,"Oberhofen am Thunersee",8100,"Schweiz",7
2016,623271,183297,935,"Oberlangenegg",8100,"Schweiz",1
2016,623614,175602,938,"Sigriswil",8100,"Schweiz",11
2016,615055,181190,939,"Steffisburg",8100,"Schweiz",22
2016,614676,176947,942,"Thun",8100,"Schweiz",661
2016,610491,180472,944,"Uetendorf",8100,"Schweiz",7
2016,620052,183190,945,"Unterlangenegg",8100,"Schweiz",6
2016,607246,178882,948,"Forst-Längenbühl",8100,"Schweiz",1
2016,622376,213144,951,"Affoltern im Emmental",8100,"Schweiz",8
2016,625657,214481,952,"Dürrenroth",8100,"Schweiz",6
2016,631872,213330,953,"Eriswil",8100,"Schweiz",4
2016,630851,217613,954,"Huttwil",8100,"Schweiz",121
2016,618810,205913,955,"Lützelflüh",8100,"Schweiz",10
2016,619126,209785,956,"Rüegsau",8100,"Schweiz",9
2016,628478,208992,957,"Sumiswald",8100,"Schweiz",125
2016,625922,206575,958,"Trachselwald",8100,"Schweiz",4
2016,624881,217145,959,"Walterswil (BE)",8100,"Schweiz",1
2016,629045,213723,960,"Wyssachen",8100,"Schweiz",6
2016,612908,233691,971,"Attiswil",8100,"Schweiz",4
2016,620150,230543,972,"Berken",8100,"Schweiz",1
2016,620490,224385,973,"Bettenhausen",8100,"Schweiz",8
2016,621343,229773,976,"Graben",8100,"Schweiz",1
2016,619140,228766,977,"Heimenhausen",8100,"Schweiz",1
2016,620139,226268,979,"Herzogenbuchsee",8100,"Schweiz",124
2016,617220,227990,980,"Inkwil",8100,"Schweiz",3
2016,620272,235137,981,"Niederbipp",8100,"Schweiz",162
2016,618209,233629,983,"Oberbipp",8100,"Schweiz",4
2016,622142,221417,985,"Ochlenberg",8100,"Schweiz",1
2016,614678,235564,987,"Rumisberg",8100,"Schweiz",1
2016,618774,221167,988,"Seeberg",8100,"Schweiz",8
2016,622226,224769,989,"Thörigen",8100,"Schweiz",5
2016,619541,231646,990,"Walliswil bei Niederbipp",8100,"Schweiz",2
2016,618637,230641,991,"Walliswil bei Wangen",8100,"Schweiz",3
2016,615886,231126,992,"Wangen an der Aare",8100,"Schweiz",5
2016,616674,229682,993,"Wangenried",8100,"Schweiz",3
2016,616365,232883,995,"Wiedlisbach",8100,"Schweiz",8
2016,616594,236274,996,"Wolfisberg",8100,"Schweiz",1
2016,646493,207061,1001,"Doppleschwand",8100,"Schweiz",4
2016,650146,202329,1002,"Entlebuch",8100,"Schweiz",22
2016,643542,188690,1004,"Flühli",8100,"Schweiz",3
2016,648506,199946,1005,"Hasle (LU)",8100,"Schweiz",9
2016,642547,205994,1007,"Romoos",8100,"Schweiz",7
2016,643538,199561,1008,"Schüpfheim",8100,"Schweiz",31
2016,650861,209489,1009,"Werthenstein",8100,"Schweiz",14
2016,637583,193163,1010,"Escholzmatt-Marbach",8100,"Schweiz",29
2016,660980,234443,1021,"Aesch (LU)",8100,"Schweiz",8
2016,661608,232501,1022,"Altwis",8100,"Schweiz",6
2016,668080,222042,1023,"Ballwil",8100,"Schweiz",9
2016,664140,215503,1024,"Emmen",8100,"Schweiz",67
2016,660363,230730,1025,"Ermensee",8100,"Schweiz",2
2016,666379,219776,1026,"Eschenbach (LU)",8100,"Schweiz",23
2016,663077,230612,1030,"Hitzkirch",8100,"Schweiz",17
2016,664793,224003,1031,"Hochdorf",8100,"Schweiz",32
2016,666414,226712,1032,"Hohenrain",8100,"Schweiz",17
2016,670575,220222,1033,"Inwil",8100,"Schweiz",10
2016,662502,220515,1037,"Rain",8100,"Schweiz",5
2016,661812,225115,1039,"Römerswil",8100,"Schweiz",8
2016,662883,217397,1040,"Rothenburg",8100,"Schweiz",14
2016,662984,235504,1041,"Schongau",8100,"Schweiz",7
2016,670588,213870,1051,"Adligenswil",8100,"Schweiz",7
2016,668990,217158,1052,"Buchrain",8100,"Schweiz",2
2016,670963,216318,1053,"Dierikon",8100,"Schweiz",3
2016,667679,214567,1054,"Ebikon",8100,"Schweiz",53
2016,673266,219918,1055,"Gisikon",8100,"Schweiz",1
2016,676225,212087,1056,"Greppen",8100,"Schweiz",2
2016,665819,207408,1058,"Horw",8100,"Schweiz",28
2016,662342,207830,1059,"Kriens",8100,"Schweiz",52
2016,665650,211106,1061,"Luzern",8100,"Schweiz",4264
2016,657070,210386,1062,"Malters",8100,"Schweiz",22
2016,670998,211616,1063,"Meggen",8100,"Schweiz",9
2016,676426,218806,1064,"Meierskappel",8100,"Schweiz",4
2016,672082,218233,1065,"Root",8100,"Schweiz",19
2016,656648,205265,1066,"Schwarzenberg",8100,"Schweiz",4
2016,672939,215996,1067,"Udligenswil",8100,"Schweiz",5
2016,680059,207983,1068,"Vitznau",8100,"Schweiz",5
2016,676336,210108,1069,"Weggis",8100,"Schweiz",12
2016,656780,227923,1081,"Beromünster",8100,"Schweiz",29
2016,649746,229378,1082,"Büron",8100,"Schweiz",2
2016,649603,218301,1083,"Buttisholz",8100,"Schweiz",15
2016,655607,223430,1084,"Eich",8100,"Schweiz",1
2016,651323,228163,1085,"Geuensee",8100,"Schweiz",9
2016,646756,220344,1086,"Grosswangen",8100,"Schweiz",17
2016,660014,222095,1088,"Hildisrieden",8100,"Schweiz",14
2016,647929,227333,1089,"Knutwil",8100,"Schweiz",4
2016,647366,225011,1091,"Mauensee",8100,"Schweiz",6
2016,657789,217407,1093,"Neuenkirch",8100,"Schweiz",16
2016,652832,219829,1094,"Nottwil",8100,"Schweiz",8
2016,650335,222831,1095,"Oberkirch",8100,"Schweiz",17
2016,654009,231261,1097,"Rickenbach (LU)",8100,"Schweiz",5
2016,653057,214379,1098,"Ruswil",8100,"Schweiz",33
2016,652719,225809,1099,"Schenkon",8100,"Schweiz",1
2016,651517,230805,1100,"Schlierbach",8100,"Schweiz",4
2016,657572,221283,1102,"Sempach",8100,"Schweiz",9
2016,650409,225427,1103,"Sursee",8100,"Schweiz",703
2016,647411,231952,1104,"Triengen",8100,"Schweiz",25
2016,646821,211665,1107,"Wolhusen",8100,"Schweiz",281
2016,642142,221869,1121,"Alberswil",8100,"Schweiz",1
2016,633946,226674,1122,"Altbüron",8100,"Schweiz",8
2016,639441,227897,1123,"Altishofen",8100,"Schweiz",5
2016,643065,229290,1125,"Dagmersellen",8100,"Schweiz",12
2016,638004,225529,1126,"Ebersecken",8100,"Schweiz",4
2016,642610,226060,1127,"Egolzwil",8100,"Schweiz",1
2016,644872,222780,1128,"Ettiswil",8100,"Schweiz",10
2016,635545,222322,1129,"Fischbach",8100,"Schweiz",5
2016,640084,220974,1130,"Gettnau",8100,"Schweiz",8
2016,635149,225075,1131,"Grossdietwil",8100,"Schweiz",12
2016,639289,211923,1132,"Hergiswil bei Willisau",8100,"Schweiz",12
2016,635547,211462,1135,"Luthern",8100,"Schweiz",7
2016,644763,213040,1136,"Menznau",8100,"Schweiz",14
2016,640982,226873,1137,"Nebikon",8100,"Schweiz",3
2016,633664,230306,1139,"Pfaffnau",8100,"Schweiz",11
2016,639724,231247,1140,"Reiden",8100,"Schweiz",30
2016,633514,229289,1142,"Roggliswil",8100,"Schweiz",3
2016,640863,224024,1143,"Schötz",8100,"Schweiz",14
2016,634657,217299,1145,"Ufhusen",8100,"Schweiz",5
2016,644491,226067,1146,"Wauwil",8100,"Schweiz",5
2016,640996,235359,1147,"Wikon",8100,"Schweiz",7
2016,636933,220619,1150,"Zell (LU)",8100,"Schweiz",11
2016,641303,216319,1151,"Willisau",8100,"Schweiz",46
2016,691671,193660,1201,"Altdorf (UR)",8100,"Schweiz",522
2016,690689,164002,1202,"Andermatt",8100,"Schweiz",26
2016,684287,186674,1203,"Attinghausen",8100,"Schweiz",10
2016,686202,198284,1204,"Bauen",8100,"Schweiz",5
2016,698491,194950,1205,"Bürglen (UR)",8100,"Schweiz",33
2016,688698,185281,1206,"Erstfeld",8100,"Schweiz",39
2016,692239,196491,1207,"Flüelen",8100,"Schweiz",31
2016,681980,168850,1208,"Göschenen",8100,"Schweiz",8
2016,690363,177116,1209,"Gurtnellen",8100,"Schweiz",18
2016,685867,162340,1210,"Hospental",8100,"Schweiz",7
2016,682575,193099,1211,"Isenthal",8100,"Schweiz",3
2016,679200,159166,1212,"Realp",8100,"Schweiz",2
2016,694071,189511,1213,"Schattdorf",8100,"Schweiz",22
2016,687440,192613,1214,"Seedorf (UR)",8100,"Schweiz",14
2016,686042,200999,1215,"Seelisberg",8100,"Schweiz",4
2016,700511,181191,1216,"Silenen",8100,"Schweiz",22
2016,693169,198782,1217,"Sisikon",8100,"Schweiz",6
2016,706476,193008,1218,"Spiringen",8100,"Schweiz",5
2016,702894,190938,1219,"Unterschächen",8100,"Schweiz",2
2016,683911,175579,1220,"Wassen",8100,"Schweiz",14
2016,701987,219523,1301,"Einsiedeln",8100,"Schweiz",339
2016,682444,206825,1311,"Gersau",8100,"Schweiz",21
2016,698320,225547,1321,"Feusisberg",8100,"Schweiz",18
2016,700656,227622,1322,"Freienbach",8100,"Schweiz",37
2016,695848,226920,1323,"Wollerau",8100,"Schweiz",28
2016,676184,214977,1331,"Küssnacht (SZ)",8100,"Schweiz",39
2016,705250,224992,1341,"Altendorf",8100,"Schweiz",22
2016,708728,224963,1342,"Galgenen",8100,"Schweiz",33
2016,712428,214507,1343,"Innerthal",8100,"Schweiz",1
2016,707605,227763,1344,"Lachen",8100,"Schweiz",703
2016,716447,224397,1345,"Reichenburg",8100,"Schweiz",19
2016,713365,223435,1346,"Schübelbach",8100,"Schweiz",34
2016,713754,228765,1347,"Tuggen",8100,"Schweiz",16
2016,710244,220448,1348,"Vorderthal",8100,"Schweiz",11
2016,709903,227832,1349,"Wangen (SZ)",8100,"Schweiz",24
2016,696969,212610,1361,"Alpthal",8100,"Schweiz",4
2016,682668,212235,1362,"Arth",8100,"Schweiz",43
2016,698829,205924,1363,"Illgau",8100,"Schweiz",3
2016,688040,206414,1364,"Ingenbohl",8100,"Schweiz",34
2016,686723,208994,1365,"Lauerz",8100,"Schweiz",5
2016,692268,203026,1366,"Morschach",8100,"Schweiz",3
2016,705837,201738,1367,"Muotathal",8100,"Schweiz",20
2016,702387,209747,1368,"Oberiberg",8100,"Schweiz",10
2016,694367,217019,1370,"Rothenthurm",8100,"Schweiz",14
2016,690544,215115,1371,"Sattel",8100,"Schweiz",15
2016,694550,208877,1372,"Schwyz",8100,"Schweiz",504
2016,688976,211835,1373,"Steinen",8100,"Schweiz",9
2016,686738,213490,1374,"Steinerberg",8100,"Schweiz",5
2016,705572,211338,1375,"Unteriberg",8100,"Schweiz",17
2016,660407,200213,1401,"Alpnach",8100,"Schweiz",35
2016,676010,185749,1402,"Engelberg",8100,"Schweiz",35
2016,652246,187412,1403,"Giswil",8100,"Schweiz",20
2016,665880,188253,1404,"Kerns",8100,"Schweiz",22
2016,655594,182041,1405,"Lungern",8100,"Schweiz",11
2016,661433,187363,1406,"Sachseln",8100,"Schweiz",22
2016,656057,194223,1407,"Sarnen",8100,"Schweiz",290
2016,678761,199162,1501,"Beckenried",8100,"Schweiz",13
2016,674596,201822,1502,"Buochs",8100,"Schweiz",13
2016,670644,196499,1503,"Dallenwil",8100,"Schweiz",5
2016,682857,200085,1504,"Emmetten",8100,"Schweiz",3
2016,674141,204629,1505,"Ennetbürgen",8100,"Schweiz",5
2016,663503,204153,1507,"Hergiswil (NW)",8100,"Schweiz",127
2016,673863,199580,1508,"Oberdorf (NW)",8100,"Schweiz",6
2016,670440,201118,1509,"Stans",8100,"Schweiz",417
2016,669620,203995,1510,"Stansstad",8100,"Schweiz",10
2016,673201,189969,1511,"Wolfenschiessen",8100,"Schweiz",9
2016,723736,218128,1630,"Glarus Nord",8100,"Schweiz",154
2016,724198,198112,1631,"Glarus Süd",8100,"Schweiz",123
2016,719663,209700,1632,"Glarus",8100,"Schweiz",1074
2016,683211,227284,1701,"Baar",8100,"Schweiz",492
2016,676446,228453,1702,"Cham",8100,"Schweiz",290
2016,674568,227708,1703,"Hünenberg",8100,"Schweiz",12
2016,688570,225343,1704,"Menzingen",8100,"Schweiz",18
2016,686746,228380,1705,"Neuheim",8100,"Schweiz",11
2016,691718,220652,1706,"Oberägeri",8100,"Schweiz",23
2016,675902,221511,1707,"Risch",8100,"Schweiz",13
2016,679425,228051,1708,"Steinhausen",8100,"Schweiz",6
2016,686599,219387,1709,"Unterägeri",8100,"Schweiz",37
2016,683095,218105,1710,"Walchwil",8100,"Schweiz",8
2016,682478,221862,1711,"Zug",8100,"Schweiz",1820
2016,557754,184422,2011,"Cugy (FR)",8100,"Schweiz",1
2016,554326,185935,2025,"Lully (FR)",8100,"Schweiz",1
2016,565638,183891,2029,"Montagny (FR)",8100,"Schweiz",2
2016,565241,193538,2041,"Saint-Aubin (FR)",8100,"Schweiz",5
2016,555620,184347,2050,"Les Montets",8100,"Schweiz",1
2016,566995,188827,2053,"Belmont-Broye",8100,"Schweiz",2
2016,,,2054,"Estavayer",8100,"Schweiz",29
2016,,,2055,"Cheyres-Châbles",8100,"Schweiz",2
2016,557750,170674,2063,"Billens-Hennens",8100,"Schweiz",33
2016,560530,172156,2096,"Romont (FR)",8100,"Schweiz",2
2016,557806,166829,2099,"Siviriez",8100,"Schweiz",1
2016,554738,164776,2102,"Ursy",8100,"Schweiz",1
2016,561581,166664,2113,"Vuisternens-devant-Romont",8100,"Schweiz",1
2016,566639,172974,2114,"Villorsonnens",8100,"Schweiz",3
2016,563150,180080,2115,"Torny",8100,"Schweiz",1
2016,563035,175501,2116,"La Folliaz",8100,"Schweiz",1
2016,569282,149403,2121,"Haut-Intyamon",8100,"Schweiz",3
2016,569838,161730,2125,"Bulle",8100,"Schweiz",5
2016,571506,166039,2131,"Echarlens",8100,"Schweiz",1
2016,571137,158056,2135,"Gruyères",8100,"Schweiz",1
2016,586502,162283,2138,"Jaun",8100,"Schweiz",4
2016,569989,167440,2140,"Marsens",8100,"Schweiz",1
2016,573035,163791,2143,"Morlon",8100,"Schweiz",2
2016,575278,172627,2147,"Pont-la-Ville",8100,"Schweiz",1
2016,569753,165595,2148,"Riaz",8100,"Schweiz",27
2016,578969,171255,2149,"La Roche",8100,"Schweiz",1
2016,564571,164993,2152,"Sâles",8100,"Schweiz",1
2016,569827,169067,2153,"Sorens",8100,"Schweiz",1
2016,565436,162290,2155,"Vaulruz",8100,"Schweiz",1
2016,566884,161626,2160,"Vuadens",8100,"Schweiz",3
2016,573857,186569,2175,"Belfaux",8100,"Schweiz",16
2016,566173,176961,2177,"Chénens",8100,"Schweiz",1
2016,573817,183455,2183,"Corminboeuf",8100,"Schweiz",1
2016,578929,177477,2194,"Ferpicloz",8100,"Schweiz",1
2016,578699,183674,2196,"Fribourg",8100,"Schweiz",702
2016,577967,180619,2206,"Marly",8100,"Schweiz",3
2016,569341,183588,2213,"Noréaz",8100,"Schweiz",1
2016,570101,185181,2217,"Ponthaux",8100,"Schweiz",2
2016,577748,174617,2226,"Treyvaux",8100,"Schweiz",1
2016,576041,182721,2228,"Villars-sur-Glâne",8100,"Schweiz",1
2016,573785,179357,2233,"Hauterive (FR)",8100,"Schweiz",1
2016,575711,187220,2235,"La Sonnaz",8100,"Schweiz",1
2016,571080,174372,2236,"Gibloux",8100,"Schweiz",0
2016,576134,190401,2254,"Courtepin",8100,"Schweiz",2
2016,577056,194049,2257,"Cressier (FR)",8100,"Schweiz",1
2016,579964,194032,2262,"Gurmels",8100,"Schweiz",4
2016,581717,203337,2265,"Kerzers",8100,"Schweiz",18
2016,574736,196890,2271,"Meyriez",8100,"Schweiz",71
2016,577626,199142,2275,"Murten",8100,"Schweiz",17
2016,571859,201038,2284,"Mont-Vully",8100,"Schweiz",4
2016,586494,182254,2291,"Alterswil",8100,"Schweiz",8
2016,581017,188293,2293,"Düdingen",8100,"Schweiz",19
2016,583670,178138,2294,"Giffers",8100,"Schweiz",2
2016,584745,192552,2295,"Bösingen",8100,"Schweiz",1
2016,590652,171065,2299,"Plaffeien",8100,"Schweiz",15
2016,585250,179141,2301,"Rechthalten",8100,"Schweiz",1
2016,588218,185611,2302,"St. Antoni",8100,"Schweiz",7
2016,583214,176265,2303,"St. Silvester",8100,"Schweiz",3
2016,583650,181830,2304,"St. Ursen",8100,"Schweiz",8
2016,585514,188611,2305,"Schmitten (FR)",8100,"Schweiz",4
2016,583284,185078,2306,"Tafers",8100,"Schweiz",7
2016,581918,179563,2307,"Tentlingen",8100,"Schweiz",4
2016,591323,190887,2308,"Ueberstorf",8100,"Schweiz",2
2016,588881,191621,2309,"Wünnewil-Flamatt",8100,"Schweiz",7
2016,562212,152473,2325,"Châtel-Saint-Denis",8100,"Schweiz",45
2016,556732,161579,2337,"Le Flon",8100,"Schweiz",2
2016,560292,160855,2338,"La Verrerie",8100,"Schweiz",4
2016,627076,241699,2401,"Egerkingen",8100,"Schweiz",9
2016,628932,239336,2402,"Härkingen",8100,"Schweiz",3
2016,623885,236243,2403,"Kestenholz",8100,"Schweiz",4
2016,627394,238522,2404,"Neuendorf",8100,"Schweiz",2
2016,624212,240235,2406,"Oberbuchsiten",8100,"Schweiz",2
2016,621329,237279,2407,"Oensingen",8100,"Schweiz",14
2016,627143,235475,2408,"Wolfwil",8100,"Schweiz",5
2016,620077,240354,2422,"Balsthal",8100,"Schweiz",50
2016,609530,238208,2424,"Herbetswil",8100,"Schweiz",7
2016,623823,242419,2425,"Holderbank (SO)",8100,"Schweiz",3
2016,616267,240125,2426,"Laupersdorf",8100,"Schweiz",7
2016,614358,239517,2427,"Matzendorf",8100,"Schweiz",8
2016,617526,244282,2428,"Mümliswil-Ramiswil",8100,"Schweiz",16
2016,606294,235989,2429,"Welschenrohr",8100,"Schweiz",16
2016,604828,223569,2455,"Lüterkofen-Ichertswil",8100,"Schweiz",3
2016,600617,216198,2457,"Messen",8100,"Schweiz",7
2016,596385,217539,2461,"Schnottwil",8100,"Schweiz",2
2016,604164,226223,2464,"Lüsslingen-Nennigkofen",8100,"Schweiz",2
2016,602902,220773,2465,"Buchegg",8100,"Schweiz",16
2016,617640,255226,2472,"Büren (SO)",8100,"Schweiz",1
2016,614045,258411,2473,"Dornach",8100,"Schweiz",69
2016,615305,255966,2475,"Hochwald",8100,"Schweiz",1
2016,605261,258036,2476,"Hofstetten-Flüh",8100,"Schweiz",1
2016,618839,257740,2478,"Nuglar-St. Pantaleon",8100,"Schweiz",2
2016,600596,259303,2479,"Rodersdorf",8100,"Schweiz",1
2016,615475,252956,2480,"Seewen",8100,"Schweiz",3
2016,606575,259654,2481,"Witterswil",8100,"Schweiz",1
2016,631564,246810,2491,"Hauenstein-Ifenthal",8100,"Schweiz",1
2016,639870,254640,2492,"Kienberg",8100,"Schweiz",2
2016,637383,248795,2493,"Lostorf",8100,"Schweiz",9
2016,641143,247209,2495,"Niedergösgen",8100,"Schweiz",14
2016,638870,246025,2497,"Obergösgen",8100,"Schweiz",17
2016,638772,251299,2498,"Rohr (SO)",8100,"Schweiz",2
2016,640024,249487,2499,"Stüsslingen",8100,"Schweiz",3
2016,633970,246695,2500,"Trimbach",8100,"Schweiz",31
2016,636476,246678,2501,"Winznau",8100,"Schweiz",7
2016,641857,250067,2503,"Erlinsbach (SO)",8100,"Schweiz",11
2016,617641,224365,2511,"Aeschi (SO)",8100,"Schweiz",2
2016,608144,225817,2513,"Biberist",8100,"Schweiz",9
2016,613684,229657,2516,"Deitingen",8100,"Schweiz",5
2016,611464,226898,2517,"Derendingen",8100,"Schweiz",18
2016,615681,226243,2518,"Etziken",8100,"Schweiz",2
2016,610141,224376,2519,"Gerlafingen",8100,"Schweiz",8
2016,613141,224158,2520,"Halten",8100,"Schweiz",3
2016,611801,224913,2525,"Kriegstetten",8100,"Schweiz",4
2016,606757,224786,2526,"Lohn-Ammannsegg",8100,"Schweiz",4
2016,611243,229343,2527,"Luterbach",8100,"Schweiz",7
2016,613376,225418,2529,"Oekingen",8100,"Schweiz",1
2016,612449,223277,2530,"Recherswil",8100,"Schweiz",1
2016,614099,227647,2532,"Subingen",8100,"Schweiz",5
2016,609399,228359,2534,"Zuchwil",8100,"Schweiz",16
2016,614931,223304,2535,"Drei Höfe",8100,"Schweiz",1
2016,607993,234381,2541,"Balm bei Günsberg",8100,"Schweiz",1
2016,604343,228808,2542,"Bellach",8100,"Schweiz",7
2016,598536,228477,2543,"Bettlach",8100,"Schweiz",3
2016,612412,231500,2545,"Flumenthal",8100,"Schweiz",2
2016,596055,227532,2546,"Grenchen",8100,"Schweiz",254
2016,610174,234678,2547,"Günsberg",8100,"Schweiz",6
2016,611365,232686,2548,"Hubersdorf",8100,"Schweiz",1
2016,605801,230083,2550,"Langendorf",8100,"Schweiz",7
2016,602301,230871,2551,"Lommiswil",8100,"Schweiz",2
2016,603960,232083,2553,"Oberdorf (SO)",8100,"Schweiz",6
2016,610020,231788,2554,"Riedholz",8100,"Schweiz",6
2016,607233,232112,2555,"Rüttenen",8100,"Schweiz",4
2016,600677,229671,2556,"Selzach",8100,"Schweiz",6
2016,640551,244489,2572,"Däniken",8100,"Schweiz",10
2016,638371,243917,2573,"Dulliken",8100,"Schweiz",20
2016,644229,247901,2574,"Eppenberg-Wöschnau",8100,"Schweiz",2
2016,629781,236713,2575,"Fulenbach",8100,"Schweiz",8
2016,642048,244626,2576,"Gretzenbach",8100,"Schweiz",8
2016,629953,240181,2578,"Gunzgen",8100,"Schweiz",2
2016,629200,243944,2579,"Hägendorf",8100,"Schweiz",6
2016,631646,241251,2580,"Kappel (SO)",8100,"Schweiz",2
2016,634930,243577,2581,"Olten",8100,"Schweiz",898
2016,631509,243568,2582,"Rickenbach (SO)",8100,"Schweiz",3
2016,643136,247085,2583,"Schönenwerd",8100,"Schweiz",62
2016,636841,243805,2584,"Starrkirch-Wil",8100,"Schweiz",6
2016,640062,242108,2585,"Walterswil (SO)",8100,"Schweiz",3
2016,632627,243401,2586,"Wangen bei Olten",8100,"Schweiz",30
2016,606962,228595,2601,"Solothurn",8100,"Schweiz",1055
2016,602100,248355,2611,"Bärschwil",8100,"Schweiz",3
2016,611502,244951,2612,"Beinwil (SO)",8100,"Schweiz",0
2016,608943,250539,2613,"Breitenbach",8100,"Schweiz",83
2016,608015,246763,2615,"Erschwil",8100,"Schweiz",1
2016,610661,249674,2616,"Fehren",8100,"Schweiz",1
2016,605088,247666,2617,"Grindel",8100,"Schweiz",1
2016,611543,252638,2618,"Himmelried",8100,"Schweiz",3
2016,598349,252981,2619,"Kleinlützel",8100,"Schweiz",4
2016,611459,247725,2620,"Meltingen",8100,"Schweiz",1
2016,613313,249362,2621,"Nunningen",8100,"Schweiz",4
2016,612425,248567,2622,"Zullwil",8100,"Schweiz",1
2016,611694,267274,2701,"Basel",8100,"Schweiz",5353
2016,616216,269938,2703,"Riehen",8100,"Schweiz",6
2016,611035,258191,2761,"Aesch (BL)",8100,"Schweiz",11
2016,607318,266068,2762,"Allschwil",8100,"Schweiz",16
2016,614428,260578,2763,"Arlesheim",8100,"Schweiz",206
2016,606055,261956,2764,"Biel-Benken",8100,"Schweiz",2
2016,609706,265112,2765,"Binningen",8100,"Schweiz",296
2016,614435,266853,2766,"Birsfelden",8100,"Schweiz",11
2016,610315,263441,2767,"Bottmingen",8100,"Schweiz",3
2016,608122,258232,2768,"Ettingen",8100,"Schweiz",1
2016,613549,263165,2769,"Münchenstein",8100,"Schweiz",9
2016,615835,263717,2770,"Muttenz",8100,"Schweiz",44
2016,608549,263053,2771,"Oberwil (BL)",8100,"Schweiz",3
2016,610666,256225,2772,"Pfeffingen",8100,"Schweiz",1
2016,611367,260930,2773,"Reinach (BL)",8100,"Schweiz",9
2016,609185,260693,2775,"Therwil",8100,"Schweiz",1
2016,606267,255764,2781,"Blauen",8100,"Schweiz",1
2016,603914,254535,2784,"Dittingen",8100,"Schweiz",1
2016,611254,254272,2786,"Grellingen",8100,"Schweiz",2
2016,603860,250889,2787,"Laufen",8100,"Schweiz",105
2016,598677,249754,2788,"Liesberg",8100,"Schweiz",3
2016,609274,255367,2789,"Nenzlingen",8100,"Schweiz",1
2016,601847,253529,2791,"Röschenz",8100,"Schweiz",1
2016,605458,249779,2792,"Wahlen",8100,"Schweiz",1
2016,606723,253897,2793,"Zwingen",8100,"Schweiz",5
2016,624741,262059,2821,"Arisdorf",8100,"Schweiz",6
2016,622414,254933,2823,"Bubendorf",8100,"Schweiz",2
2016,619334,261221,2824,"Frenkendorf",8100,"Schweiz",5
2016,622188,262394,2825,"Füllinsdorf",8100,"Schweiz",3
2016,624676,257829,2828,"Lausen",8100,"Schweiz",29
2016,621644,259326,2829,"Liestal",8100,"Schweiz",590
2016,619168,262978,2831,"Pratteln",8100,"Schweiz",16
2016,619766,253223,2834,"Ziefen",8100,"Schweiz",3
2016,637921,255932,2841,"Anwil",8100,"Schweiz",1
2016,630757,251319,2843,"Buckten",8100,"Schweiz",21
2016,632292,261712,2844,"Buus",8100,"Schweiz",1
2016,630369,254969,2845,"Diepflingen",8100,"Schweiz",1
2016,631725,256295,2846,"Gelterkinden",8100,"Schweiz",13
2016,632526,251517,2847,"Häfelfingen",8100,"Schweiz",1
2016,633964,260047,2848,"Hemmiken",8100,"Schweiz",1
2016,634664,252950,2851,"Kilchberg (BL)",8100,"Schweiz",2
2016,631399,249150,2852,"Läufelfingen",8100,"Schweiz",4
2016,630687,263508,2853,"Maisprach",8100,"Schweiz",2
2016,633198,258038,2856,"Ormalingen",8100,"Schweiz",1
2016,636130,257702,2858,"Rothenfluh",8100,"Schweiz",1
2016,633320,253474,2860,"Rünenberg",8100,"Schweiz",3
2016,627747,257861,2861,"Sissach",8100,"Schweiz",16
2016,634100,254912,2862,"Tecknau",8100,"Schweiz",5
2016,629409,255764,2864,"Thürnen",8100,"Schweiz",2
2016,635479,254792,2865,"Wenslingen",8100,"Schweiz",1
2016,630229,253322,2867,"Wittinsburg",8100,"Schweiz",1
2016,635709,251332,2868,"Zeglingen",8100,"Schweiz",2
2016,627307,254886,2869,"Zunzgen",8100,"Schweiz",3
2016,620993,251680,2881,"Arboldswil",8100,"Schweiz",1
2016,625948,249479,2882,"Bennwil",8100,"Schweiz",0
2016,616035,249461,2883,"Bretzwil",8100,"Schweiz",2
2016,628169,250966,2884,"Diegten",8100,"Schweiz",2
2016,628574,247701,2885,"Eptingen",8100,"Schweiz",1
2016,624991,245277,2888,"Langenbruck",8100,"Schweiz",5
2016,623397,251244,2891,"Niederdorf",8100,"Schweiz",1
2016,623650,249132,2892,"Oberdorf (BL)",8100,"Schweiz",13
2016,618903,249326,2893,"Reigoldswil",8100,"Schweiz",4
2016,622638,247405,2895,"Waldenburg",8100,"Schweiz",5
2016,679673,285794,2901,"Gächlingen",8100,"Schweiz",3
2016,683155,284337,2903,"Löhningen",8100,"Schweiz",1
2016,680418,281770,2904,"Neunkirch",8100,"Schweiz",5
2016,695855,284942,2915,"Dörflingen",8100,"Schweiz",1
2016,692390,290199,2917,"Lohn (SH)",8100,"Schweiz",3
2016,693947,290669,2920,"Thayngen",8100,"Schweiz",13
2016,685202,283796,2932,"Beringen",8100,"Schweiz",7
2016,683765,269925,2933,"Buchberg",8100,"Schweiz",7
2016,687166,290823,2936,"Merishausen",8100,"Schweiz",3
2016,687031,281545,2937,"Neuhausen am Rheinfall",8100,"Schweiz",30
2016,684942,270976,2938,"Rüdlingen",8100,"Schweiz",2
2016,688945,286202,2939,"Schaffhausen",8100,"Schweiz",2256
2016,682730,291132,2951,"Beggingen",8100,"Schweiz",5
2016,679394,289344,2952,"Schleitheim",8100,"Schweiz",14
2016,681546,286279,2953,"Siblingen",8100,"Schweiz",3
2016,700998,285932,2961,"Buch (SH)",8100,"Schweiz",1
2016,705265,282889,2962,"Hemishofen",8100,"Schweiz",4
2016,703467,284813,2963,"Ramsen",8100,"Schweiz",12
2016,706516,280460,2964,"Stein am Rhein",8100,"Schweiz",27
2016,675371,283850,2971,"Hallau",8100,"Schweiz",10
2016,677618,285230,2972,"Oberhallau",8100,"Schweiz",1
2016,674243,280302,2973,"Trasadingen",8100,"Schweiz",4
2016,678037,279691,2974,"Wilchingen",8100,"Schweiz",10
2016,738551,249481,3001,"Herisau",8100,"Schweiz",521
2016,742166,242026,3002,"Hundwil",8100,"Schweiz",2
2016,735559,242614,3003,"Schönengrund",8100,"Schweiz",2
2016,735536,246063,3004,"Schwellbrunn",8100,"Schweiz",13
2016,743806,249164,3005,"Stein (AR)",8100,"Schweiz",6
2016,738165,240369,3006,"Urnäsch",8100,"Schweiz",16
2016,739487,246804,3007,"Waldstatt",8100,"Schweiz",4
2016,750119,249671,3021,"Bühler",8100,"Schweiz",12
2016,753361,248522,3022,"Gais",8100,"Schweiz",46
2016,751253,253169,3023,"Speicher",8100,"Schweiz",12
2016,747159,250957,3024,"Teufen (AR)",8100,"Schweiz",62
2016,754045,252033,3025,"Trogen",8100,"Schweiz",56
2016,755482,256430,3031,"Grub (AR)",8100,"Schweiz",5
2016,758138,256723,3032,"Heiden",8100,"Schweiz",291
2016,759883,258869,3033,"Lutzenberg",8100,"Schweiz",5
2016,754209,255000,3034,"Rehetobel",8100,"Schweiz",13
2016,760406,253637,3035,"Reute (AR)",8100,"Schweiz",3
2016,755796,253571,3036,"Wald (AR)",8100,"Schweiz",9
2016,762810,257128,3037,"Walzenhausen",8100,"Schweiz",7
2016,760120,257543,3038,"Wolfhalden",8100,"Schweiz",21
2016,749668,244508,3101,"Appenzell",8100,"Schweiz",223
2016,744543,242450,3102,"Gonten",8100,"Schweiz",5
2016,751885,240472,3103,"Rüte",8100,"Schweiz",1
2016,760078,253884,3111,"Oberegg",8100,"Schweiz",18
2016,743376,262098,3201,"Häggenschwil",8100,"Schweiz",6
2016,741280,264577,3202,"Muolen",8100,"Schweiz",12
2016,745691,254265,3203,"St. Gallen",8100,"Schweiz",4591
2016,746379,259264,3204,"Wittenbach",8100,"Schweiz",14
2016,747846,261267,3211,"Berg (SG)",8100,"Schweiz",3
2016,754055,257221,3212,"Eggersriet",8100,"Schweiz",11
2016,752826,260193,3213,"Goldach",8100,"Schweiz",34
2016,749891,259310,3214,"Mörschwil",8100,"Schweiz",14
2016,754993,260267,3215,"Rorschach",8100,"Schweiz",353
2016,755747,259268,3216,"Rorschacherberg",8100,"Schweiz",19
2016,750352,262288,3217,"Steinach",8100,"Schweiz",30
2016,751912,261010,3218,"Tübach",8100,"Schweiz",5
2016,752093,257800,3219,"Untereggen",8100,"Schweiz",2
2016,765794,255110,3231,"Au (SG)",8100,"Schweiz",21
2016,763597,252044,3232,"Balgach",8100,"Schweiz",27
2016,763937,255022,3233,"Berneck",8100,"Schweiz",21
2016,766618,250523,3234,"Diepoldsau",8100,"Schweiz",21
2016,761718,260040,3235,"Rheineck",8100,"Schweiz",16
2016,764829,258235,3236,"St. Margrethen",8100,"Schweiz",25
2016,759640,260781,3237,"Thal",8100,"Schweiz",231
2016,765995,252690,3238,"Widnau",8100,"Schweiz",28
2016,758575,245678,3251,"Altstätten",8100,"Schweiz",553
2016,757300,246241,3252,"Eichberg",8100,"Schweiz",5
2016,761606,250486,3253,"Marbach (SG)",8100,"Schweiz",11
2016,760583,245572,3254,"Oberriet (SG)",8100,"Schweiz",69
2016,762333,251306,3255,"Rebstein",8100,"Schweiz",19
2016,758408,240264,3256,"Rüthi (SG)",8100,"Schweiz",16
2016,753049,225840,3271,"Buchs (SG)",8100,"Schweiz",50
2016,751109,231057,3272,"Gams",8100,"Schweiz",21
2016,748349,225767,3273,"Grabs",8100,"Schweiz",798
2016,753873,234391,3274,"Sennwald",8100,"Schweiz",22
2016,753077,222015,3275,"Sevelen",8100,"Schweiz",23
2016,752736,217663,3276,"Wartau",8100,"Schweiz",31
2016,754726,207075,3291,"Bad Ragaz",8100,"Schweiz",31
2016,741623,213379,3292,"Flums",8100,"Schweiz",50
2016,745346,207520,3293,"Mels",8100,"Schweiz",73
2016,749423,200060,3294,"Pfäfers",8100,"Schweiz",11
2016,735328,216451,3295,"Quarten",8100,"Schweiz",32
2016,752679,213504,3296,"Sargans",8100,"Schweiz",18
2016,751386,208227,3297,"Vilters-Wangs",8100,"Schweiz",18
2016,743175,220936,3298,"Walenstadt",8100,"Schweiz",583
2016,731276,224703,3311,"Amden",8100,"Schweiz",18
2016,718018,227998,3312,"Benken (SG)",8100,"Schweiz",23
2016,721988,229938,3313,"Kaltbrunn",8100,"Schweiz",25
2016,723414,225803,3315,"Schänis",8100,"Schweiz",16
2016,725401,222838,3316,"Weesen",8100,"Schweiz",18
2016,714077,231664,3338,"Schmerikon",8100,"Schweiz",22
2016,716806,231681,3339,"Uznach",8100,"Schweiz",875
2016,707425,232411,3340,"Rapperswil-Jona",8100,"Schweiz",89
2016,721662,233217,3341,"Gommiswald",8100,"Schweiz",42
2016,715437,236796,3342,"Eschenbach (SG)",8100,"Schweiz",50
2016,728164,233442,3352,"Ebnat-Kappel",8100,"Schweiz",19
2016,741725,228997,3359,"Wildhaus-Alt St. Johann",8100,"Schweiz",28
2016,734981,232297,3360,"Nesslau",8100,"Schweiz",26
2016,732124,240008,3372,"Hemberg",8100,"Schweiz",6
2016,725428,242840,3374,"Lichtensteig",8100,"Schweiz",15
2016,726530,245204,3375,"Oberhelfenschwil",8100,"Schweiz",6
2016,730809,245378,3378,"Neckertal",8100,"Schweiz",33
2016,724459,239436,3379,"Wattwil",8100,"Schweiz",622
2016,719842,252093,3392,"Kirchberg (SG)",8100,"Schweiz",105
2016,725824,250834,3393,"Lütisburg",8100,"Schweiz",14
2016,718443,245281,3394,"Mosnang",8100,"Schweiz",32
2016,724094,246712,3395,"Bütschwil-Ganterschwil",8100,"Schweiz",39
2016,731811,249382,3401,"Degersheim",8100,"Schweiz",20
2016,732630,252062,3402,"Flawil",8100,"Schweiz",422
2016,724469,254318,3405,"Jonschwil",8100,"Schweiz",4
2016,728439,253599,3407,"Oberuzwil",8100,"Schweiz",24
2016,726386,256335,3408,"Uzwil",8100,"Schweiz",676
2016,733817,258381,3422,"Niederbüren",8100,"Schweiz",9
2016,730143,260185,3423,"Niederhelfenschwil",8100,"Schweiz",12
2016,731052,255950,3424,"Oberbüren",8100,"Schweiz",13
2016,725294,259177,3426,"Zuzwil (SG)",8100,"Schweiz",12
2016,721503,259236,3427,"Wil (SG)",8100,"Schweiz",493
2016,738999,256081,3441,"Andwil (SG)",8100,"Schweiz",15
2016,742743,255500,3442,"Gaiserwald",8100,"Schweiz",15
2016,737165,254057,3443,"Gossau (SG)",8100,"Schweiz",80
2016,740539,258521,3444,"Waldkirch",8100,"Schweiz",18
2016,760834,176893,3506,"Vaz/Obervaz",8100,"Schweiz",9
2016,763649,175139,3513,"Lantsch/Lenz",8100,"Schweiz",4
2016,771218,175005,3514,"Schmitten (GR)",8100,"Schweiz",2
2016,780045,166205,3521,"Bergün/Bravuogn",8100,"Schweiz",9
2016,772663,169123,3522,"Filisur",8100,"Schweiz",7
2016,767700,173955,3542,"Albula/Alvra",8100,"Schweiz",13
2016,765400,156075,3543,"Surses",8100,"Schweiz",70
2016,806395,126433,3551,"Brusio",8100,"Schweiz",16
2016,801755,136326,3561,"Poschiavo",8100,"Schweiz",143
2016,734958,188042,3572,"Falera",8100,"Schweiz",4
2016,736269,189686,3575,"Laax",8100,"Schweiz",1
2016,740250,184702,3581,"Sagogn",8100,"Schweiz",7
2016,736279,183693,3582,"Schluein",8100,"Schweiz",4
2016,729720,159482,3603,"Vals",8100,"Schweiz",14
2016,726375,187048,3611,"Andiast",8100,"Schweiz",7
2016,725443,185792,3616,"Waltensburg/Vuorz",8100,"Schweiz",4
2016,727681,169312,3618,"Lumnezia",8100,"Schweiz",44
2016,733608,181393,3619,"Ilanz/Glion",8100,"Schweiz",541
2016,753647,176362,3633,"Fürstenau",8100,"Schweiz",1
2016,756249,176016,3638,"Scharans",8100,"Schweiz",5
2016,755243,173068,3640,"Sils im Domleschg",8100,"Schweiz",4
2016,750003,177967,3661,"Cazis",8100,"Schweiz",14
2016,749225,172733,3662,"Flerden",8100,"Schweiz",2
2016,751738,173601,3663,"Masein",8100,"Schweiz",1
2016,752494,172799,3668,"Thusis",8100,"Schweiz",236
2016,742680,173168,3672,"Safiental",8100,"Schweiz",5
2016,754840,182190,3673,"Domleschg",8100,"Schweiz",16
2016,760835,145992,3681,"Avers",8100,"Schweiz",2
2016,738110,155894,3693,"Nufenen",8100,"Schweiz",3
2016,743552,156259,3694,"Splügen",8100,"Schweiz",1
2016,747714,157728,3695,"Sufers",8100,"Schweiz",1
2016,752135,161474,3701,"Andeer",8100,"Schweiz",7
2016,752054,166508,3705,"Donat",8100,"Schweiz",1
2016,755460,167835,3712,"Zillis-Reischen",8100,"Schweiz",3
2016,754274,154593,3713,"Ferrera",8100,"Schweiz",1
2016,747572,185402,3721,"Bonaduz",8100,"Schweiz",4
2016,753744,187350,3722,"Domat/Ems",8100,"Schweiz",5
2016,749266,183483,3723,"Rhäzüns",8100,"Schweiz",5
2016,754280,191725,3731,"Felsberg",8100,"Schweiz",6
2016,740163,191524,3732,"Flims",8100,"Schweiz",6
2016,743959,191487,3734,"Trin",8100,"Schweiz",4
2016,805193,172268,3746,"Zernez",8100,"Schweiz",12
2016,820744,180749,3762,"Scuol",8100,"Schweiz",189
2016,823831,196110,3764,"Valsot",8100,"Schweiz",11
2016,781678,157209,3781,"Bever",8100,"Schweiz",3
2016,784556,153356,3782,"Celerina/Schlarigna",8100,"Schweiz",9
2016,793645,158355,3783,"Madulain",8100,"Schweiz",1
2016,793695,146269,3784,"Pontresina",8100,"Schweiz",15
2016,790333,157796,3785,"La Punt-Chamues-ch",8100,"Schweiz",1
2016,785518,148918,3786,"Samedan",8100,"Schweiz",598
2016,782194,151302,3787,"St. Moritz",8100,"Schweiz",26
2016,795168,166644,3788,"S-chanf",8100,"Schweiz",3
2016,778663,141833,3789,"Sils im Engadin/Segl",8100,"Schweiz",2
2016,780238,148262,3790,"Silvaplana",8100,"Schweiz",5
2016,794013,159404,3791,"Zuoz",8100,"Schweiz",4
2016,767904,136734,3792,"Bregaglia",8100,"Schweiz",35
2016,729746,139270,3808,"Rossa",8100,"Schweiz",1
2016,731605,127512,3810,"Santa Maria in Calanca",8100,"Schweiz",5
2016,737398,129787,3821,"Lostallo",8100,"Schweiz",3
2016,734756,145209,3822,"Mesocco",8100,"Schweiz",7
2016,734242,121644,3832,"Grono",8100,"Schweiz",3
2016,731942,118981,3834,"Roveredo (GR)",8100,"Schweiz",7
2016,728584,122516,3835,"San Vittore",8100,"Schweiz",2
2016,824023,165906,3847,"Val Müstair",8100,"Schweiz",55
2016,782294,181397,3851,"Davos",8100,"Schweiz",517
2016,775256,195475,3861,"Fideris",8100,"Schweiz",3
2016,769373,198048,3862,"Furna",8100,"Schweiz",2
2016,772380,197589,3863,"Jenaz",8100,"Schweiz",7
2016,791475,191645,3871,"Klosters-Serneus",8100,"Schweiz",36
2016,779833,199825,3882,"Küblis",8100,"Schweiz",9
2016,776633,202100,3891,"Luzein",8100,"Schweiz",10
2016,759592,191146,3901,"Chur",8100,"Schweiz",3256
2016,760619,184480,3911,"Churwalden",8100,"Schweiz",7
2016,771955,186395,3921,"Arosa",8100,"Schweiz",19
2016,762654,190529,3926,"Maladers",8100,"Schweiz",2
2016,765081,185242,3932,"Tschiertschen-Praden",8100,"Schweiz",1
2016,757019,194195,3941,"Haldenstein",8100,"Schweiz",1
2016,764436,195972,3945,"Trimmis",8100,"Schweiz",5
2016,758064,198720,3946,"Untervaz",8100,"Schweiz",7
2016,762547,200933,3947,"Zizers",8100,"Schweiz",9
2016,759551,211788,3951,"Fläsch",8100,"Schweiz",1
2016,762793,208733,3952,"Jenins",8100,"Schweiz",3
2016,761887,210169,3953,"Maienfeld",8100,"Schweiz",8
2016,762986,206679,3954,"Malans",8100,"Schweiz",9
2016,761226,202860,3955,"Landquart",8100,"Schweiz",22
2016,769229,205142,3961,"Grüsch",8100,"Schweiz",2
2016,775485,207192,3962,"Schiers",8100,"Schweiz",199
2016,769832,210035,3972,"Seewis im Prättigau",8100,"Schweiz",7
2016,721493,182761,3981,"Breil/Brigels",8100,"Schweiz",12
2016,707609,177418,3982,"Disentis/Mustér",8100,"Schweiz",28
2016,708693,164824,3983,"Medel (Lucmagn)",8100,"Schweiz",6
2016,715342,174815,3985,"Sumvitg",8100,"Schweiz",19
2016,698924,167877,3986,"Tujetsch",8100,"Schweiz",13
2016,718010,178150,3987,"Trun",8100,"Schweiz",35
2016,724640,176275,3988,"Obersaxen Mundaun",8100,"Schweiz",6
2016,647233,249229,4001,"Aarau",8100,"Schweiz",2375
2016,648726,252234,4002,"Biberstein",8100,"Schweiz",2
2016,649114,249347,4003,"Buchs (AG)",8100,"Schweiz",29
2016,646765,255700,4004,"Densbüren",8100,"Schweiz",3
2016,642541,251599,4005,"Erlinsbach (AG)",8100,"Schweiz",5
2016,650499,244902,4006,"Gränichen",8100,"Schweiz",23
2016,647449,240933,4007,"Hirschthal",8100,"Schweiz",4
2016,645640,252255,4008,"Küttigen",8100,"Schweiz",8
2016,647206,242712,4009,"Muhen",8100,"Schweiz",10
2016,645517,244987,4010,"Oberentfelden",8100,"Schweiz",21
2016,648792,247306,4012,"Suhr",8100,"Schweiz",16
2016,645555,246577,4013,"Unterentfelden",8100,"Schweiz",8
2016,664187,257174,4021,"Baden",8100,"Schweiz",2703
2016,668721,249321,4022,"Bellikon",8100,"Schweiz",6
2016,670990,248963,4023,"Bergdietikon",8100,"Schweiz",7
2016,661595,256185,4024,"Birmenstorf (AG)",8100,"Schweiz",15
2016,666775,259206,4026,"Ennetbaden",8100,"Schweiz",27
2016,664338,254371,4027,"Fislisbach",8100,"Schweiz",6
2016,666138,261368,4028,"Freienwil",8100,"Schweiz",1
2016,661028,259465,4029,"Gebenstorf",8100,"Schweiz",22
2016,668326,253384,4030,"Killwangen",8100,"Schweiz",1
2016,667004,248831,4031,"Künten",8100,"Schweiz",7
2016,659993,251669,4032,"Mägenwil",8100,"Schweiz",6
2016,662980,252580,4033,"Mellingen",8100,"Schweiz",18
2016,666832,255201,4034,"Neuenhof",8100,"Schweiz",35
2016,665100,252592,4035,"Niederrohrdorf",8100,"Schweiz",16
2016,666636,253175,4037,"Oberrohrdorf",8100,"Schweiz",4
2016,664431,261000,4038,"Obersiggenthal",8100,"Schweiz",32
2016,667375,251202,4039,"Remetschwil",8100,"Schweiz",6
2016,670066,252314,4040,"Spreitenbach",8100,"Schweiz",14
2016,661845,259978,4042,"Turgi",8100,"Schweiz",8
2016,661619,261925,4044,"Untersiggenthal",8100,"Schweiz",25
2016,668047,257551,4045,"Wettingen",8100,"Schweiz",730
2016,661490,252048,4046,"Wohlenschwil",8100,"Schweiz",8
2016,661218,264851,4047,"Würenlingen",8100,"Schweiz",12
2016,669696,255690,4048,"Würenlos",8100,"Schweiz",16
2016,668351,260848,4049,"Ehrendingen",8100,"Schweiz",13
2016,674343,241044,4061,"Arni (AG)",8100,"Schweiz",4
2016,671392,245151,4062,"Berikon",8100,"Schweiz",6
2016,667570,244336,4063,"Bremgarten (AG)",8100,"Schweiz",46
2016,662767,242261,4064,"Büttikon",8100,"Schweiz",4
2016,660825,248157,4065,"Dottikon",8100,"Schweiz",11
2016,667962,247011,4066,"Eggenwil",8100,"Schweiz",4
2016,665884,246821,4067,"Fischbach-Göslikon",8100,"Schweiz",7
2016,661835,249096,4068,"Hägglingen",8100,"Schweiz",11
2016,672887,239208,4071,"Jonen",8100,"Schweiz",11
2016,664464,248090,4072,"Niederwil (AG)",8100,"Schweiz",8
2016,672554,240667,4073,"Oberlunkhofen",8100,"Schweiz",5
2016,672262,243485,4074,"Oberwil-Lieli",8100,"Schweiz",17
2016,671547,246860,4075,"Rudolfstetten-Friedlisberg",8100,"Schweiz",9
2016,661598,240349,4076,"Sarmenstorf",8100,"Schweiz",17
2016,663436,250189,4077,"Tägerig",8100,"Schweiz",8
2016,663417,240670,4078,"Uezwil",8100,"Schweiz",3
2016,671251,241869,4079,"Unterlunkhofen",8100,"Schweiz",4
2016,660569,244648,4080,"Villmergen",8100,"Schweiz",33
2016,669397,247078,4081,"Widen",8100,"Schweiz",5
2016,663772,245094,4082,"Wohlen (AG)",8100,"Schweiz",46
2016,669424,244351,4083,"Zufikon",8100,"Schweiz",8
2016,675819,241952,4084,"Islisberg",8100,"Schweiz",2
2016,651968,252202,4091,"Auenstein",8100,"Schweiz",1
2016,658280,253767,4092,"Birr",8100,"Schweiz",3
2016,660651,254226,4093,"Birrhard",8100,"Schweiz",1
2016,657833,259702,4095,"Brugg",8100,"Schweiz",887
2016,650717,260455,4096,"Effingen",8100,"Schweiz",3
2016,649953,262370,4097,"Elfingen",8100,"Schweiz",2
2016,658004,257073,4100,"Hausen (AG)",8100,"Schweiz",8
2016,658087,254906,4104,"Lupfig",8100,"Schweiz",1
2016,656432,267043,4105,"Mandach",8100,"Schweiz",1
2016,660356,256031,4107,"Mülligen",8100,"Schweiz",1
2016,655664,263271,4110,"Remigen",8100,"Schweiz",4
2016,656364,260655,4111,"Riniken",8100,"Schweiz",5
2016,656364,255323,4113,"Scherz",8100,"Schweiz",3
2016,649289,254585,4117,"Thalheim (AG)",8100,"Schweiz",2
2016,657635,264461,4121,"Villigen",8100,"Schweiz",2
2016,654626,258117,4122,"Villnachern",8100,"Schweiz",3
2016,658983,258661,4123,"Windisch",8100,"Schweiz",26
2016,653210,259900,4124,"Bözberg",8100,"Schweiz",2
2016,652408,255529,4125,"Schinznach",8100,"Schweiz",7
2016,657985,235128,4131,"Beinwil am See",8100,"Schweiz",8
2016,656936,238086,4132,"Birrwil",8100,"Schweiz",2
2016,656049,231685,4133,"Burg (AG)",8100,"Schweiz",1
2016,654037,240967,4134,"Dürrenäsch",8100,"Schweiz",2
2016,653231,235308,4135,"Gontenschwil",8100,"Schweiz",8
2016,644988,241128,4136,"Holziken",8100,"Schweiz",3
2016,655325,236240,4137,"Leimbach (AG)",8100,"Schweiz",1
2016,655601,239744,4138,"Leutwil",8100,"Schweiz",1
2016,656424,231924,4139,"Menziken",8100,"Schweiz",395
2016,651890,238769,4140,"Oberkulm",8100,"Schweiz",6
2016,655904,234979,4141,"Reinach (AG)",8100,"Schweiz",28
2016,649142,237727,4142,"Schlossrued",8100,"Schweiz",3
2016,650834,234858,4143,"Schmiedrued",8100,"Schweiz",12
2016,646759,239608,4144,"Schöftland",8100,"Schweiz",18
2016,652243,242039,4145,"Teufenthal (AG)",8100,"Schweiz",5
2016,650411,241189,4146,"Unterkulm",8100,"Schweiz",7
2016,654670,237775,4147,"Zetzwil",8100,"Schweiz",3
2016,641443,265379,4161,"Eiken",8100,"Schweiz",6
2016,643310,262157,4163,"Frick",8100,"Schweiz",10
2016,652267,265487,4164,"Gansingen",8100,"Schweiz",9
2016,641701,260207,4165,"Gipf-Oberfrick",8100,"Schweiz",7
2016,645844,258075,4166,"Herznach",8100,"Schweiz",5
2016,647189,261375,4167,"Hornussen",8100,"Schweiz",3
2016,645831,264897,4169,"Kaisten",8100,"Schweiz",13
2016,648811,265830,4170,"Laufenburg",8100,"Schweiz",187
2016,639501,265388,4172,"Münchwilen (AG)",8100,"Schweiz",3
2016,642924,254741,4173,"Oberhof",8100,"Schweiz",3
2016,643557,263956,4175,"Oeschgen",8100,"Schweiz",3
2016,653079,270799,4176,"Schwaderloch",8100,"Schweiz",2
2016,641146,266948,4177,"Sisseln",8100,"Schweiz",2
2016,645713,259654,4179,"Ueken",8100,"Schweiz",1
2016,639837,258476,4181,"Wittnau",8100,"Schweiz",3
2016,642375,257081,4182,"Wölflinswil",8100,"Schweiz",5
2016,649339,258096,4183,"Zeihen",8100,"Schweiz",11
2016,652872,267880,4184,"Mettauertal",8100,"Schweiz",5
2016,657968,246628,4191,"Ammerswil",8100,"Schweiz",3
2016,656725,240267,4192,"Boniswil",8100,"Schweiz",4
2016,658989,252527,4193,"Brunegg",8100,"Schweiz",2
2016,659160,245908,4194,"Dintikon",8100,"Schweiz",8
2016,656846,244814,4195,"Egliswil",8100,"Schweiz",7
2016,660903,237957,4196,"Fahrwangen",8100,"Schweiz",15
2016,655832,241975,4197,"Hallwil",8100,"Schweiz",6
2016,658689,248460,4198,"Hendschiken",8100,"Schweiz",2
2016,655336,253667,4199,"Holderbank (AG)",8100,"Schweiz",6
2016,651632,248290,4200,"Hunzenschwil",8100,"Schweiz",7
2016,655788,248551,4201,"Lenzburg",8100,"Schweiz",421
2016,659664,238752,4202,"Meisterschwanden",8100,"Schweiz",6
2016,656308,251951,4203,"Möriken-Wildegg",8100,"Schweiz",14
2016,655248,250632,4204,"Niederlenz",8100,"Schweiz",16
2016,658613,250451,4205,"Othmarsingen",8100,"Schweiz",13
2016,652243,250526,4206,"Rupperswil",8100,"Schweiz",10
2016,652878,247364,4207,"Schafisheim",8100,"Schweiz",10
2016,658074,242342,4208,"Seengen",8100,"Schweiz",6
2016,654390,244437,4209,"Seon",8100,"Schweiz",15
2016,654428,247953,4210,"Staufen",8100,"Schweiz",4
2016,669365,225002,4221,"Abtwil",8100,"Schweiz",4
2016,669967,238193,4222,"Aristau",8100,"Schweiz",10
2016,669776,229858,4223,"Auw",8100,"Schweiz",6
2016,668387,231223,4224,"Beinwil (Freiamt)",8100,"Schweiz",7
2016,668507,240594,4226,"Besenbüren",8100,"Schweiz",1
2016,663335,237691,4227,"Bettwil",8100,"Schweiz",7
2016,665941,239111,4228,"Boswil",8100,"Schweiz",9
2016,666752,241412,4229,"Bünzen",8100,"Schweiz",6
2016,665913,235252,4230,"Buttwil",8100,"Schweiz",5
2016,672518,222419,4231,"Dietwil",8100,"Schweiz",10
2016,664392,240136,4233,"Kallern",8100,"Schweiz",1
2016,671295,234864,4234,"Merenschwand",8100,"Schweiz",21
2016,672018,231915,4235,"Mühlau",8100,"Schweiz",7
2016,668132,236026,4236,"Muri (AG)",8100,"Schweiz",868
2016,672703,224522,4237,"Oberrüti",8100,"Schweiz",6
2016,670110,240846,4238,"Rottenschwil",8100,"Schweiz",4
2016,670614,226301,4239,"Sins",8100,"Schweiz",26
2016,664943,242934,4240,"Waltenschwil",8100,"Schweiz",9
2016,636102,262053,4251,"Hellikon",8100,"Schweiz",1
2016,627930,263247,4253,"Magden",8100,"Schweiz",1
2016,631408,267979,4254,"Möhlin",8100,"Schweiz",12
2016,635911,266123,4255,"Mumpf",8100,"Schweiz",4
2016,637502,264371,4256,"Obermumpf",8100,"Schweiz",2
2016,627255,267530,4258,"Rheinfelden",8100,"Schweiz",259
2016,638600,266144,4260,"Stein (AG)",8100,"Schweiz",4
2016,634439,268680,4261,"Wallbach",8100,"Schweiz",3
2016,637045,260597,4262,"Wegenstetten",8100,"Schweiz",2
2016,632941,265999,4263,"Zeiningen",8100,"Schweiz",4
2016,635511,241604,4271,"Aarburg",8100,"Schweiz",15
2016,642574,237192,4273,"Bottenwil",8100,"Schweiz",1
2016,636967,233952,4274,"Brittnau",8100,"Schweiz",15
2016,644087,242509,4276,"Kölliken",8100,"Schweiz",17
2016,647591,235093,4277,"Moosleerau",8100,"Schweiz",2
2016,631710,234379,4279,"Murgenthal",8100,"Schweiz",19
2016,637975,240432,4280,"Oftringen",8100,"Schweiz",21
2016,645290,233613,4281,"Reitnau",8100,"Schweiz",7
2016,633968,238689,4282,"Rothrist",8100,"Schweiz",127
2016,641466,241212,4283,"Safenwil",8100,"Schweiz",6
2016,645461,237039,4284,"Staffelbach",8100,"Schweiz",5
2016,636642,236861,4285,"Strengelbach",8100,"Schweiz",10
2016,643160,239316,4286,"Uerkheim",8100,"Schweiz",2
2016,634362,235562,4287,"Vordemwald",8100,"Schweiz",5
2016,639744,237817,4289,"Zofingen",8100,"Schweiz",455
2016,667705,267099,4302,"Böbikon",8100,"Schweiz",2
2016,659531,268239,4303,"Böttstein",8100,"Schweiz",4
2016,661238,268061,4304,"Döttingen",8100,"Schweiz",14
2016,664194,265133,4305,"Endingen",8100,"Schweiz",6
2016,672735,267782,4306,"Fisibach",8100,"Schweiz",2
2016,657460,273243,4307,"Full-Reuenthal",8100,"Schweiz",2
2016,673803,269026,4308,"Kaiserstuhl",8100,"Schweiz",3
2016,661046,271181,4309,"Klingnau",8100,"Schweiz",8
2016,660535,272994,4310,"Koblenz",8100,"Schweiz",12
2016,655586,271171,4311,"Leibstadt",8100,"Schweiz",7
2016,666604,264283,4312,"Lengnau (AG)",8100,"Schweiz",10
2016,657893,270589,4313,"Leuggern",8100,"Schweiz",327
2016,668423,268390,4314,"Mellikon",8100,"Schweiz",2
2016,666449,268909,4315,"Rekingen (AG)",8100,"Schweiz",3
2016,662729,272642,4316,"Rietheim",8100,"Schweiz",1
2016,670834,268672,4317,"Rümikon",8100,"Schweiz",2
2016,669596,264381,4318,"Schneisingen",8100,"Schweiz",7
2016,671130,265987,4319,"Siglistorf",8100,"Schweiz",1
2016,663751,268187,4320,"Tegerfelden",8100,"Schweiz",5
2016,669926,267387,4322,"Wislikofen",8100,"Schweiz",2
2016,664299,271162,4323,"Bad Zurzach",8100,"Schweiz",18
2016,749137,264536,4401,"Arbon",8100,"Schweiz",286
2016,741426,271160,4406,"Dozwil",8100,"Schweiz",2
2016,744941,265856,4411,"Egnach",8100,"Schweiz",27
2016,741102,269404,4416,"Hefenhofen",8100,"Schweiz",10
2016,752405,262096,4421,"Horn",8100,"Schweiz",5
2016,741017,272364,4426,"Kesswil",8100,"Schweiz",7
2016,747162,263066,4431,"Roggwil (TG)",8100,"Schweiz",10
2016,744129,269891,4436,"Romanshorn",8100,"Schweiz",235
2016,743992,268250,4441,"Salmsach",8100,"Schweiz",7
2016,738745,270530,4446,"Sommeri",8100,"Schweiz",5
2016,742949,271239,4451,"Uttwil",8100,"Schweiz",2
2016,739447,267545,4461,"Amriswil",8100,"Schweiz",56
2016,734013,262098,4471,"Bischofszell",8100,"Schweiz",36
2016,735142,268333,4476,"Erlen",8100,"Schweiz",20
2016,738763,261519,4486,"Hauptwil-Gottshaus",8100,"Schweiz",11
2016,734591,264306,4495,"Hohentannen",8100,"Schweiz",4
2016,731216,264359,4501,"Kradolf-Schönenberg",8100,"Schweiz",19
2016,732232,267297,4506,"Sulgen",8100,"Schweiz",30
2016,738087,264211,4511,"Zihlschlacht-Sitterdorf",8100,"Schweiz",15
2016,698987,279651,4536,"Basadingen-Schlattingen",8100,"Schweiz",8
2016,698440,281857,4545,"Diessenhofen",8100,"Schweiz",14
2016,694701,280446,4546,"Schlatt (TG)",8100,"Schweiz",9
2016,710958,261688,4551,"Aadorf",8100,"Schweiz",50
2016,713026,270559,4561,"Felben-Wellhausen",8100,"Schweiz",4
2016,709557,268436,4566,"Frauenfeld",8100,"Schweiz",1636
2016,706555,267446,4571,"Gachnang",8100,"Schweiz",13
2016,716315,270631,4590,"Hüttlingen",8100,"Schweiz",8
2016,712180,265259,4591,"Matzingen",8100,"Schweiz",11
2016,700363,273346,4601,"Neunforn",8100,"Schweiz",4
2016,714425,264927,4606,"Stettfurt",8100,"Schweiz",3
2016,715706,267633,4611,"Thundorf",8100,"Schweiz",10
2016,704691,271997,4616,"Uesslingen-Buch",8100,"Schweiz",4
2016,708615,271799,4621,"Warth-Weiningen",8100,"Schweiz",3
2016,736945,274347,4641,"Altnau",8100,"Schweiz",11
2016,733105,277284,4643,"Bottighofen",8100,"Schweiz",3
2016,724152,279570,4646,"Ermatingen",8100,"Schweiz",11
2016,738959,273394,4656,"Güttingen",8100,"Schweiz",3
2016,728040,274499,4666,"Kemmental",8100,"Schweiz",17
2016,730306,278043,4671,"Kreuzlingen",8100,"Schweiz",179
2016,735712,273121,4681,"Langrickenbach",8100,"Schweiz",8
2016,732359,275015,4683,"Lengwil",8100,"Schweiz",8
2016,735128,276548,4691,"Münsterlingen",8100,"Schweiz",1265
2016,727336,278683,4696,"Tägerwilen",8100,"Schweiz",10
2016,723535,276204,4701,"Wäldi",8100,"Schweiz",7
2016,721045,265792,4711,"Affeltrangen",8100,"Schweiz",10
2016,718987,261993,4716,"Bettwiesen",8100,"Schweiz",2
2016,712099,256626,4721,"Bichelsee-Balterswil",8100,"Schweiz",17
2016,722815,262761,4723,"Braunau",8100,"Schweiz",6
2016,714997,257491,4724,"Eschlikon",8100,"Schweiz",8
2016,714233,252561,4726,"Fischingen",8100,"Schweiz",22
2016,717028,264317,4741,"Lommis",8100,"Schweiz",7
2016,717309,260098,4746,"Münchwilen (TG)",8100,"Schweiz",16
2016,721397,256383,4751,"Rickenbach (TG)",8100,"Schweiz",15
2016,727507,264014,4756,"Schönholzerswilen",8100,"Schweiz",14
2016,717776,257077,4761,"Sirnach",8100,"Schweiz",51
2016,720669,263508,4776,"Tobel-Tägerschen",8100,"Schweiz",5
2016,714512,261270,4781,"Wängi",8100,"Schweiz",24
2016,720179,256340,4786,"Wilen (TG)",8100,"Schweiz",10
2016,726813,261877,4791,"Wuppenau",8100,"Schweiz",17
2016,719207,280618,4801,"Berlingen",8100,"Schweiz",5
2016,707611,277080,4806,"Eschenz",8100,"Schweiz",10
2016,711493,274911,4811,"Herdern",8100,"Schweiz",4
2016,716307,277041,4816,"Homburg",8100,"Schweiz",9
2016,706473,274897,4821,"Hüttwilen",8100,"Schweiz",10
2016,711376,277726,4826,"Mammern",8100,"Schweiz",6
2016,717768,273529,4831,"Müllheim",8100,"Schweiz",28
2016,713701,273760,4841,"Pfyn",8100,"Schweiz",15
2016,720866,277545,4846,"Raperswilen",8100,"Schweiz",3
2016,721562,279900,4851,"Salenstein",8100,"Schweiz",10
2016,716564,279734,4864,"Steckborn",8100,"Schweiz",20
2016,704270,279420,4871,"Wagenhausen",8100,"Schweiz",18
2016,720205,269118,4881,"Amlikon-Bissegg",8100,"Schweiz",8
2016,730236,271460,4891,"Berg (TG)",8100,"Schweiz",12
2016,733679,270991,4901,"Birwinken",8100,"Schweiz",14
2016,729719,268194,4911,"Bürglen (TG)",8100,"Schweiz",21
2016,724615,266705,4921,"Bussnang",8100,"Schweiz",9
2016,723330,272172,4941,"Märstetten",8100,"Schweiz",6
2016,725754,270042,4946,"Weinfelden",8100,"Schweiz",60
2016,721188,273395,4951,"Wigoltingen",8100,"Schweiz",14
2016,722047,117785,5002,"Bellinzona",8100,"Schweiz",350
2016,716780,111728,5003,"Cadenazzo",8100,"Schweiz",1
2016,720632,114627,5005,"Giubiasco",8100,"Schweiz",9
2016,720121,120670,5007,"Gorduno",8100,"Schweiz",2
2016,716365,115775,5008,"Gudo",8100,"Schweiz",2
2016,721872,110233,5009,"Isone",8100,"Schweiz",2
2016,725767,122368,5010,"Lumino",8100,"Schweiz",1
2016,718493,118111,5013,"Monte Carasso",8100,"Schweiz",1
2016,718132,116687,5019,"Sementina",8100,"Schweiz",3
2016,714616,146502,5048,"Acquarossa",8100,"Schweiz",9
2016,713465,156280,5049,"Blenio",8100,"Schweiz",1
2016,689395,154940,5061,"Airolo",8100,"Schweiz",6
2016,679730,149658,5063,"Bedretto",8100,"Schweiz",1
2016,713848,138344,5064,"Bodio",8100,"Schweiz",1
2016,705516,145272,5072,"Faido",8100,"Schweiz",129
2016,709618,138781,5073,"Giornico",8100,"Schweiz",5
2016,701621,112513,5091,"Ascona",8100,"Schweiz",1
2016,701738,128460,5095,"Brione (Verzasca)",8100,"Schweiz",1
2016,706184,117005,5096,"Brione sopra Minusio",8100,"Schweiz",2
2016,696236,109102,5097,"Brissago",8100,"Schweiz",2
2016,709632,124431,5112,"Lavertezzo",8100,"Schweiz",1
2016,707697,114374,5113,"Locarno",8100,"Schweiz",819
2016,700696,113907,5115,"Losone",8100,"Schweiz",2
2016,706346,116027,5118,"Minusio",8100,"Schweiz",6
2016,705342,114604,5120,"Muralto",8100,"Schweiz",54
2016,704780,115694,5121,"Orselina",8100,"Schweiz",3
2016,699052,111382,5125,"Ronco sopra Ascona",8100,"Schweiz",1
2016,708418,115844,5131,"Tenero-Contra",8100,"Schweiz",1
2016,688837,117675,5136,"Onsernone",8100,"Schweiz",8
2016,713164,95421,5141,"Agno",8100,"Schweiz",1
2016,720591,91009,5144,"Arogno",8100,"Schweiz",1
2016,708802,95522,5149,"Bedigliora",8100,"Schweiz",1
2016,713216,97192,5151,"Bioggio",8100,"Schweiz",1
2016,712581,97791,5161,"Cademario",8100,"Schweiz",1
2016,715777,99185,5162,"Cadempino",8100,"Schweiz",1
2016,718333,99517,5167,"Canobbio",8100,"Schweiz",1
2016,711732,92112,5171,"Caslano",8100,"Schweiz",2
2016,708719,93843,5178,"Croglio",8100,"Schweiz",10
2016,716552,99532,5180,"Cureglia",8100,"Schweiz",1
2016,715604,100413,5189,"Lamone",8100,"Schweiz",2
2016,720874,99367,5192,"Lugano",8100,"Schweiz",494
2016,716564,96774,5196,"Massagno",8100,"Schweiz",1
2016,716633,90813,5198,"Melide",8100,"Schweiz",1
2016,713842,106120,5199,"Mezzovico-Vira",8100,"Schweiz",1
2016,714139,88152,5203,"Morcote",8100,"Schweiz",1
2016,708812,97382,5207,"Novaggio",8100,"Schweiz",1
2016,716888,94054,5210,"Paradiso",8100,"Schweiz",2
2016,721740,106653,5212,"Ponte Capriasca",8100,"Schweiz",1
2016,717266,98362,5214,"Porza",8100,"Schweiz",1
2016,721087,88320,5219,"Rovio",8100,"Schweiz",1
2016,715937,95399,5225,"Sorengo",8100,"Schweiz",870
2016,719989,105453,5226,"Capriasca",8100,"Schweiz",15
2016,714693,92870,5236,"Collina d'Oro",8100,"Schweiz",2
2016,711080,101348,5237,"Alto Malcantone",8100,"Schweiz",3
2016,721919,78047,5242,"Balerna",8100,"Schweiz",4
2016,722304,82867,5249,"Castel San Pietro",8100,"Schweiz",4
2016,722609,76503,5250,"Chiasso",8100,"Schweiz",5
2016,718716,82481,5254,"Mendrisio",8100,"Schweiz",334
2016,722983,78734,5257,"Morbio Inferiore",8100,"Schweiz",2
2016,718276,85348,5263,"Riva San Vitale",8100,"Schweiz",1
2016,716139,78407,5266,"Stabio",8100,"Schweiz",3
2016,724173,78573,5268,"Vacallo",8100,"Schweiz",1
2016,725010,83487,5269,"Breggia",8100,"Schweiz",4
2016,721858,136018,5281,"Biasca",8100,"Schweiz",5
2016,723139,125161,5282,"Claro",8100,"Schweiz",1
2016,721937,131601,5286,"Osogna",8100,"Schweiz",2
2016,680443,130463,5304,"Bosco/Gurin",8100,"Schweiz",2
2016,686149,136531,5310,"Cevio",8100,"Schweiz",12
2016,695442,124690,5317,"Maggia",8100,"Schweiz",1
2016,702327,120044,5324,"Avegno Gordevio",8100,"Schweiz",2
2016,699168,116397,5396,"Terre di Pedemonte",8100,"Schweiz",2
2016,693151,112456,5397,"Centovalli",8100,"Schweiz",3
2016,708775,108371,5398,"Gambarogno",8100,"Schweiz",3
2016,564665,129510,5401,"Aigle",8100,"Schweiz",32
2016,572932,122574,5402,"Bex",8100,"Schweiz",4
2016,567033,133605,5407,"Leysin",8100,"Schweiz",4
2016,569761,128031,5409,"Ollon",8100,"Schweiz",2
2016,571915,136231,5410,"Ormont-Dessous",8100,"Schweiz",3
2016,578751,132617,5411,"Ormont-Dessus",8100,"Schweiz",2
2016,518013,149497,5422,"Aubonne",8100,"Schweiz",12
2016,514065,155849,5425,"Bière",8100,"Schweiz",2
2016,516811,151099,5432,"Montherod",8100,"Schweiz",1
2016,569504,192090,5451,"Avenches",8100,"Schweiz",1
2016,568594,200270,5456,"Cudrefin",8100,"Schweiz",1
2016,567564,196688,5464,"Vully-les-Lacs",8100,"Schweiz",1
2016,528323,162793,5477,"Cossonay",8100,"Schweiz",1
2016,531860,164562,5480,"Daillens",8100,"Schweiz",1
2016,519625,167457,5491,"Mont-la-Ville",8100,"Schweiz",1
2016,521873,160007,5494,"Pampigny",8100,"Schweiz",1
2016,529834,169906,5497,"Pompaples",8100,"Schweiz",30
2016,528618,167488,5498,"La Sarraz",8100,"Schweiz",1
2016,539248,174565,5520,"Essertines-sur-Yverdon",8100,"Schweiz",1
2016,532770,188377,5552,"Bullet",8100,"Schweiz",1
2016,535783,188839,5560,"Grandevent",8100,"Schweiz",1
2016,527741,186324,5568,"Sainte-Croix",8100,"Schweiz",14
2016,538674,190722,5571,"Tévenon",8100,"Schweiz",1
2016,535400,159584,5582,"Cheseaux-sur-Lausanne",8100,"Schweiz",1
2016,533954,156885,5583,"Crissier",8100,"Schweiz",1
2016,539717,156092,5586,"Lausanne",8100,"Schweiz",873
2016,536013,154489,5589,"Prilly",8100,"Schweiz",1
2016,541043,152746,5590,"Pully",8100,"Schweiz",31
2016,534866,154096,5591,"Renens (VD)",8100,"Schweiz",4
2016,549315,148331,5601,"Chexbres",8100,"Schweiz",1
2016,543199,151942,5606,"Lutry",8100,"Schweiz",8
2016,549977,151187,5607,"Puidoux",8100,"Schweiz",2
2016,545415,155385,5611,"Savigny",8100,"Schweiz",2
2016,545656,150477,5613,"Bourg-en-Lavaux",8100,"Schweiz",5
2016,528879,157896,5621,"Aclens",8100,"Schweiz",1
2016,533903,153406,5627,"Chavannes-près-Renens",8100,"Schweiz",1
2016,526250,152019,5628,"Chigny",8100,"Schweiz",1
2016,526464,155272,5634,"Echichens",8100,"Schweiz",1
2016,525338,150716,5639,"Lully (VD)",8100,"Schweiz",1
2016,527489,151829,5642,"Morges",8100,"Schweiz",143
2016,528891,156515,5645,"Romanel-sur-Morges",8100,"Schweiz",1
2016,523998,148751,5646,"Saint-Prex",8100,"Schweiz",2
2016,525456,152996,5653,"Vufflens-le-Château",8100,"Schweiz",1
2016,557362,173540,5671,"Dompierre (VD)",8100,"Schweiz",1
2016,553607,173244,5675,"Lucens",8100,"Schweiz",5
2016,550555,169094,5678,"Moudon",8100,"Schweiz",18
2016,501905,149436,5702,"Arzier-Le Muids",8100,"Schweiz",1
2016,506361,143388,5718,"Genolier",8100,"Schweiz",16
2016,510411,141526,5721,"Gland",8100,"Schweiz",4
2016,506705,138014,5724,"Nyon",8100,"Schweiz",58
2016,521406,176532,5744,"Ballaigues",8100,"Schweiz",1
2016,528047,182318,5745,"Baulmes",8100,"Schweiz",3
2016,533340,170212,5746,"Bavois",8100,"Schweiz",1
2016,524241,177861,5755,"Lignerolle",8100,"Schweiz",1
2016,531866,175235,5757,"Orbe",8100,"Schweiz",9
2016,525028,170900,5761,"Romainmôtier-Envy",8100,"Schweiz",2
2016,531204,177845,5763,"Valeyres-sous-Rances",8100,"Schweiz",3
2016,518495,173526,5764,"Vallorbe",8100,"Schweiz",6
2016,519589,171076,5765,"Vaulion",8100,"Schweiz",1
2016,545707,161439,5785,"Corcelles-le-Jorat",8100,"Schweiz",1
2016,557221,156394,5790,"Maracon",8100,"Schweiz",1
2016,553440,156405,5805,"Oron",8100,"Schweiz",3
2016,561584,185589,5822,"Payerne",8100,"Schweiz",30
2016,575966,144307,5841,"Château-d'Oex",8100,"Schweiz",5
2016,571070,145941,5842,"Rossinière",8100,"Schweiz",1
2016,582359,149675,5843,"Rougemont",8100,"Schweiz",1
2016,515402,147781,5859,"Mont-sur-Rolle",8100,"Schweiz",1
2016,515103,145715,5861,"Rolle",8100,"Schweiz",3
2016,505512,159827,5872,"Le Chenit",8100,"Schweiz",9
2016,561582,144726,5886,"Montreux",8100,"Schweiz",53
2016,554687,146265,5890,"Vevey",8100,"Schweiz",173
2016,548977,179667,5908,"Chêne-Pâquier",8100,"Schweiz",1
2016,538828,179998,5938,"Yverdon-les-Bains",8100,"Schweiz",56
2016,546490,182263,5939,"Yvonand",8100,"Schweiz",1
2016,641338,126491,6002,"Brig-Glis",8100,"Schweiz",417
2016,634626,129840,6004,"Eggerberg",8100,"Schweiz",6
2016,640940,137509,6007,"Naters",8100,"Schweiz",20
2016,648527,126144,6008,"Ried-Brig",8100,"Schweiz",1
2016,646560,116673,6009,"Simplon",8100,"Schweiz",5
2016,647569,130270,6010,"Termen",8100,"Schweiz",2
2016,650797,113438,6011,"Zwischbergen",8100,"Schweiz",2
2016,584526,119759,6021,"Ardon",8100,"Schweiz",1
2016,581437,117986,6022,"Chamoson",8100,"Schweiz",1
2016,585214,123928,6023,"Conthey",8100,"Schweiz",3
2016,590329,109760,6024,"Nendaz",8100,"Schweiz",2
2016,586556,119984,6025,"Vétroz",8100,"Schweiz",1
2016,573999,90583,6034,"Orsières",8100,"Schweiz",2
2016,655192,143777,6052,"Bellwald",8100,"Schweiz",1
2016,661336,134930,6054,"Binn",8100,"Schweiz",1
2016,657434,139070,6056,"Ernen",8100,"Schweiz",4
2016,652133,140302,6057,"Fiesch",8100,"Schweiz",6
2016,648009,149356,6058,"Fieschertal",8100,"Schweiz",1
2016,651090,138765,6061,"Lax",8100,"Schweiz",2
2016,671430,154273,6076,"Obergoms",8100,"Schweiz",4
2016,,,6077,"Goms",8100,"Schweiz",16
2016,597801,130220,6082,"Ayent",8100,"Schweiz",2
2016,605754,99935,6083,"Evolène",8100,"Schweiz",3
2016,596255,115916,6089,"Vex",8100,"Schweiz",2
2016,617362,124495,6101,"Agarn",8100,"Schweiz",10
2016,615798,133551,6102,"Albinen",8100,"Schweiz",6
2016,612286,134108,6109,"Inden",8100,"Schweiz",1
2016,616036,128746,6110,"Leuk",8100,"Schweiz",16
2016,614193,138768,6111,"Leukerbad",8100,"Schweiz",2
2016,618882,117382,6112,"Oberems",8100,"Schweiz",1
2016,610446,128716,6113,"Salgesch",8100,"Schweiz",3
2016,611879,131902,6116,"Varen",8100,"Schweiz",9
2016,618411,133238,6117,"Guttet-Feschel",8100,"Schweiz",1
2016,622277,131819,6118,"Gampel-Bratsch",8100,"Schweiz",8
2016,621332,116560,6119,"Turtmann-Unterems",8100,"Schweiz",12
2016,574926,112053,6133,"Fully",8100,"Schweiz",2
2016,586589,110817,6134,"Isérables",8100,"Schweiz",2
2016,578207,116923,6135,"Leytron",8100,"Schweiz",1
2016,572457,106188,6136,"Martigny",8100,"Schweiz",67
2016,568583,102026,6137,"Martigny-Combe",8100,"Schweiz",2
2016,580360,109503,6141,"Saxon",8100,"Schweiz",3
2016,559175,125919,6152,"Collombey-Muraz",8100,"Schweiz",1
2016,558697,121463,6153,"Monthey",8100,"Schweiz",53
2016,555163,135458,6154,"Port-Valais",8100,"Schweiz",1
2016,551561,135509,6155,"Saint-Gingolph",8100,"Schweiz",1
2016,554780,131911,6159,"Vouvry",8100,"Schweiz",1
2016,653687,132362,6177,"Grengiols",8100,"Schweiz",1
2016,645737,136482,6181,"Riederalp",8100,"Schweiz",2
2016,631825,130953,6191,"Ausserberg",8100,"Schweiz",4
2016,632781,143692,6192,"Blatten",8100,"Schweiz",1
2016,629353,124491,6193,"Bürchen",8100,"Schweiz",3
2016,623057,137683,6195,"Ferden",8100,"Schweiz",1
2016,626769,131749,6198,"Niedergesteln",8100,"Schweiz",1
2016,629833,132297,6199,"Raron",8100,"Schweiz",3
2016,626793,139660,6202,"Wiler (Lötschen)",8100,"Schweiz",1
2016,647746,133225,6203,"Mörel-Filet",8100,"Schweiz",3
2016,625236,131679,6204,"Steg-Hohtenn",8100,"Schweiz",5
2016,570847,110983,6212,"Dorénaz",8100,"Schweiz",1
2016,565456,115782,6217,"Saint-Maurice",8100,"Schweiz",12
2016,606798,121751,6232,"Chalais",8100,"Schweiz",2
2016,608059,124910,6235,"Chippis",8100,"Schweiz",2
2016,603269,120157,6238,"Grône",8100,"Schweiz",2
2016,601513,127474,6240,"Lens",8100,"Schweiz",1
2016,599211,122789,6246,"Saint-Léonard",8100,"Schweiz",2
2016,605624,125131,6248,"Sierre",8100,"Schweiz",206
2016,608094,128143,6250,"Veyras",8100,"Schweiz",1
2016,613477,111272,6252,"Anniviers",8100,"Schweiz",1
2016,,,6253,"Crans-Montana",8100,"Schweiz",2
2016,595655,122700,6263,"Grimisuat",8100,"Schweiz",1
2016,589336,128358,6265,"Savièse",8100,"Schweiz",6
2016,594325,119453,6266,"Sion",8100,"Schweiz",229
2016,627693,118535,6283,"Embd",8100,"Schweiz",7
2016,631557,116232,6285,"Grächen",8100,"Schweiz",3
2016,635230,127781,6286,"Lalden",8100,"Schweiz",3
2016,626285,105012,6287,"Randa",8100,"Schweiz",4
2016,638559,111176,6289,"Saas-Balen",8100,"Schweiz",1
2016,628199,112038,6292,"St. Niklaus",8100,"Schweiz",5
2016,633993,120191,6293,"Stalden (VS)",8100,"Schweiz",8
2016,636296,118502,6294,"Staldenried",8100,"Schweiz",1
2016,628049,100181,6295,"Täsch",8100,"Schweiz",6
2016,630406,121366,6296,"Törbel",8100,"Schweiz",3
2016,634092,126498,6297,"Visp",8100,"Schweiz",468
2016,638534,121066,6298,"Visperterminen",8100,"Schweiz",5
2016,623978,93255,6300,"Zermatt",8100,"Schweiz",14
2016,551807,200512,6404,"Boudry",8100,"Schweiz",2
2016,555024,199344,6408,"Cortaillod",8100,"Schweiz",1
2016,558137,205021,6412,"Peseux",8100,"Schweiz",1
2016,547801,195331,6414,"Saint-Aubin-Sauges",8100,"Schweiz",24
2016,555732,202341,6416,"Milvignes",8100,"Schweiz",2
2016,553790,218064,6421,"La Chaux-de-Fonds",8100,"Schweiz",116
2016,545884,213859,6431,"Les Brenets",8100,"Schweiz",1
2016,534631,202471,6432,"La Brévine",8100,"Schweiz",1
2016,541186,207191,6434,"Le Cerneux-Péquignot",8100,"Schweiz",2
2016,547332,211725,6436,"Le Locle",8100,"Schweiz",34
2016,545665,205380,6437,"Les Ponts-de-Martel",8100,"Schweiz",1
2016,571018,212606,6455,"Le Landeron",8100,"Schweiz",2
2016,570500,215715,6456,"Lignières",8100,"Schweiz",1
2016,562077,207293,6458,"Neuchâtel",8100,"Schweiz",291
2016,565796,208870,6459,"Saint-Blaise",8100,"Schweiz",2
2016,560248,212095,6487,"Val-de-Ruz",8100,"Schweiz",42
2016,536454,197018,6512,"Val-de-Travers",8100,"Schweiz",28
2016,497993,111730,6605,"Bardonnex",8100,"Schweiz",1
2016,499754,115187,6608,"Carouge (GE)",8100,"Schweiz",1
2016,487288,111678,6611,"Chancy",8100,"Schweiz",1
2016,503079,116501,6612,"Chêne-Bougeries",8100,"Schweiz",296
2016,504111,117094,6613,"Chêne-Bourg",8100,"Schweiz",2
2016,503342,119286,6617,"Cologny",8100,"Schweiz",1
2016,506806,124119,6619,"Corsier (GE)",8100,"Schweiz",1
2016,499941,117910,6621,"Genève",8100,"Schweiz",759
2016,498233,115710,6628,"Lancy",8100,"Schweiz",2
2016,495125,120994,6630,"Meyrin",8100,"Schweiz",112
2016,496643,115732,6631,"Onex",8100,"Schweiz",2
2016,500304,127653,6644,"Versoix",8100,"Schweiz",1
2016,501666,114213,6645,"Veyrier",8100,"Schweiz",2
2016,583645,245690,6702,"Boécourt",8100,"Schweiz",1
2016,602689,244650,6705,"Corban",8100,"Schweiz",1
2016,595151,242611,6708,"Courrendlin",8100,"Schweiz",1
2016,596793,246042,6709,"Courroux",8100,"Schweiz",3
2016,591892,246954,6711,"Delémont",8100,"Schweiz",87
2016,592834,243680,6721,"Rossemaison",8100,"Schweiz",1
2016,584964,241213,6729,"Haute-Sorne",8100,"Schweiz",5
2016,602752,243174,6730,"Val Terbi",8100,"Schweiz",1
2016,558826,225447,6742,"Les Bois",8100,"Schweiz",2
2016,576889,236456,6750,"Lajoux (JU)",8100,"Schweiz",1
2016,565604,229590,6753,"Muriaux",8100,"Schweiz",1
2016,566459,234831,6757,"Saignelégier",8100,"Schweiz",28
2016,577066,260211,6773,"Beurnevésin",8100,"Schweiz",1
2016,567599,259651,6774,"Boncourt",8100,"Schweiz",2
2016,578888,258445,6775,"Bonfol",8100,"Schweiz",0
2016,574137,255716,6781,"Coeuve",8100,"Schweiz",1
2016,576237,249143,6784,"Courgenay",8100,"Schweiz",1
2016,572044,252309,6800,"Porrentruy",8100,"Schweiz",70
2016,563875,248587,6803,"Rocourt",8100,"Schweiz",1
2016,576093,244408,6808,"Clos du Doubs",8100,"Schweiz",1
2016,581934,251124,6810,"La Baroche",8100,"Schweiz",1
2016,,,8995,"Unbekannt",8201,"Albanien",216
2016,,,8995,"Unbekannt",8202,"Andorra",8
2016,,,8995,"Unbekannt",8204,"Belgien",749
2016,,,8995,"Unbekannt",8205,"Bulgarien",784
2016,,,8995,"Unbekannt",8206,"Dänemark",463
2016,,,8995,"Unbekannt",8207,"Deutschland",35374
2016,,,8995,"Unbekannt",8211,"Finnland",574
2016,,,8995,"Unbekannt",8212,"Frankreich",4573
2016,,,8995,"Unbekannt",8213,"Gibraltar",2
2016,,,8995,"Unbekannt",8214,"Griechenland",2471
2016,,,8995,"Unbekannt",8215,"Grossbritannien",3502
2016,,,8995,"Unbekannt",8216,"Irland",417
2016,,,8995,"Unbekannt",8217,"Island",58
2016,,,8995,"Unbekannt",8218,"Italien",12153
2016,,,8995,"Unbekannt",8222,"Liechtenstein",255
2016,,,8995,"Unbekannt",8223,"Luxemburg",402
2016,,,8995,"Unbekannt",8224,"Malta",20
2016,,,8995,"Unbekannt",8226,"Monaco",12
2016,,,8995,"Unbekannt",8227,"Niederlande",1589
2016,,,8995,"Unbekannt",8228,"Norwegen",199
2016,,,8995,"Unbekannt",8229,"Österreich",5469
2016,,,8995,"Unbekannt",8230,"Polen",3132
2016,,,8995,"Unbekannt",8231,"Portugal",6704
2016,,,8995,"Unbekannt",8232,"Rumänien",1710
2016,,,8995,"Unbekannt",8233,"San Marino",2
2016,,,8995,"Unbekannt",8234,"Schweden",998
2016,,,8995,"Unbekannt",8236,"Spanien",5033
2016,,,8995,"Unbekannt",8239,"Türkei",5602
2016,,,8995,"Unbekannt",8240,"Ungarn",2184
2016,,,8995,"Unbekannt",8242,"Zypern",72
2016,,,8995,"Unbekannt",8243,"Slowakei",99
2016,,,8995,"Unbekannt",8244,"Tschechische Republik",2934
2016,,,8995,"Unbekannt",8248,"Serbien",20492
2016,,,8995,"Unbekannt",8250,"Kroatien",61
2016,,,8995,"Unbekannt",8251,"Slowenien",51
2016,,,8995,"Unbekannt",8252,"Bosnien und Herzegowina",72
2016,,,8995,"Unbekannt",8254,"Montenegro",6
2016,,,8995,"Unbekannt",8255,"Mazedonien",139
2016,,,8995,"Unbekannt",8256,"Kosovo",16
2016,,,8995,"Unbekannt",8260,"Estland",29
2016,,,8995,"Unbekannt",8261,"Lettland",33
2016,,,8995,"Unbekannt",8262,"Litauen",41
2016,,,8995,"Unbekannt",8263,"Moldova",14
2016,,,8995,"Unbekannt",8264,"Russland",4143
2016,,,8995,"Unbekannt",8265,"Ukraine",120
2016,,,8995,"Unbekannt",8266,"Belarus",18
2016,,,8995,"Unbekannt",8271,"Jersey",1
2016,,,8995,"Unbekannt",8301,"Äquatorialguinea",4
2016,,,8995,"Unbekannt",8302,"Äthiopien",1327
2016,,,8995,"Unbekannt",8303,"Dschibuti",3
2016,,,8995,"Unbekannt",8304,"Algerien",436
2016,,,8995,"Unbekannt",8305,"Angola",354
2016,,,8995,"Unbekannt",8307,"Botsuana",2
2016,,,8995,"Unbekannt",8308,"Burundi",10
2016,,,8995,"Unbekannt",8309,"Benin",11
2016,,,8995,"Unbekannt",8310,"Côte d'Ivoire",168
2016,,,8995,"Unbekannt",8311,"Gabun",4
2016,,,8995,"Unbekannt",8312,"Gambia",130
2016,,,8995,"Unbekannt",8313,"Ghana",445
2016,,,8995,"Unbekannt",8314,"Guinea-Bissau",35
2016,,,8995,"Unbekannt",8315,"Guinea",53
2016,,,8995,"Unbekannt",8317,"Kamerun",311
2016,,,8995,"Unbekannt",8319,"Kap Verde",21
2016,,,8995,"Unbekannt",8320,"Kenia",268
2016,,,8995,"Unbekannt",8321,"Komoren",2
2016,,,8995,"Unbekannt",8322,"Kongo (Brazzaville)",121
2016,,,8995,"Unbekannt",8323,"Kongo (Kinshasa)",167
2016,,,8995,"Unbekannt",8324,"Lesotho",7
2016,,,8995,"Unbekannt",8325,"Liberia",42
2016,,,8995,"Unbekannt",8326,"Libyen",93
2016,,,8995,"Unbekannt",8327,"Madagaskar",24
2016,,,8995,"Unbekannt",8329,"Malawi",6
2016,,,8995,"Unbekannt",8330,"Mali",23
2016,,,8995,"Unbekannt",8331,"Marokko",814
2016,,,8995,"Unbekannt",8332,"Mauretanien",1
2016,,,8995,"Unbekannt",8333,"Mauritius",35
2016,,,8995,"Unbekannt",8334,"Mosambik",60
2016,,,8995,"Unbekannt",8335,"Niger",3
2016,,,8995,"Unbekannt",8336,"Nigeria",344
2016,,,8995,"Unbekannt",8337,"Burkina Faso",10
2016,,,8995,"Unbekannt",8339,"Reunion",2
2016,,,8995,"Unbekannt",8340,"Simbabwe",75
2016,,,8995,"Unbekannt",8341,"Ruanda",42
2016,,,8995,"Unbekannt",8343,"Sambia",24
2016,,,8995,"Unbekannt",8344,"São Tomé und Principe",1
2016,,,8995,"Unbekannt",8345,"Senegal",133
2016,,,8995,"Unbekannt",8346,"Seychellen",17
2016,,,8995,"Unbekannt",8347,"Sierra Leone",24
2016,,,8995,"Unbekannt",8348,"Somalia",988
2016,,,8995,"Unbekannt",8349,"Südafrika",640
2016,,,8995,"Unbekannt",8350,"Sudan",149
2016,,,8995,"Unbekannt",8351,"Namibia",30
2016,,,8995,"Unbekannt",8352,"Swasiland",8
2016,,,8995,"Unbekannt",8353,"Tansania",54
2016,,,8995,"Unbekannt",8354,"Togo",73
2016,,,8995,"Unbekannt",8356,"Tschad",4
2016,,,8995,"Unbekannt",8357,"Tunesien",586
2016,,,8995,"Unbekannt",8358,"Uganda",56
2016,,,8995,"Unbekannt",8359,"Ägypten",434
2016,,,8995,"Unbekannt",8360,"Zentralafrikanische Republik",7
2016,,,8995,"Unbekannt",8362,"Eritrea",340
2016,,,8995,"Unbekannt",8401,"Argentinien",847
2016,,,8995,"Unbekannt",8402,"Bahamas",9
2016,,,8995,"Unbekannt",8403,"Barbados",9
2016,,,8995,"Unbekannt",8404,"Bermudas",6
2016,,,8995,"Unbekannt",8405,"Bolivien",279
2016,,,8995,"Unbekannt",8406,"Brasilien",3054
2016,,,8995,"Unbekannt",8407,"Chile",606
2016,,,8995,"Unbekannt",8408,"Costa Rica",92
2016,,,8995,"Unbekannt",8409,"Dominikanische Republik",1532
2016,,,8995,"Unbekannt",8410,"Ecuador",484
2016,,,8995,"Unbekannt",8411,"El Salvador",52
2016,,,8995,"Unbekannt",8413,"Grönland",1
2016,,,8995,"Unbekannt",8414,"Guadeloupe",11
2016,,,8995,"Unbekannt",8415,"Guatemala",63
2016,,,8995,"Unbekannt",8416,"Französisch-Guayana",1
2016,,,8995,"Unbekannt",8417,"Guayana",14
2016,,,8995,"Unbekannt",8418,"Haiti",84
2016,,,8995,"Unbekannt",8419,"Belize",1
2016,,,8995,"Unbekannt",8420,"Honduras",51
2016,,,8995,"Unbekannt",8421,"Jamaika",128
2016,,,8995,"Unbekannt",8423,"Kanada",828
2016,,,8995,"Unbekannt",8424,"Kolumbien",929
2016,,,8995,"Unbekannt",8425,"Kuba",373
2016,,,8995,"Unbekannt",8426,"Martinique",6
2016,,,8995,"Unbekannt",8427,"Mexiko",660
2016,,,8995,"Unbekannt",8429,"Nicaragua",39
2016,,,8995,"Unbekannt",8430,"Panama",43
2016,,,8995,"Unbekannt",8431,"Paraguay",100
2016,,,8995,"Unbekannt",8432,"Peru",897
2016,,,8995,"Unbekannt",8433,"Puerto Rico",9
2016,,,8995,"Unbekannt",8435,"Suriname",16
2016,,,8995,"Unbekannt",8436,"Trinidad und Tobago",30
2016,,,8995,"Unbekannt",8437,"Uruguay",82
2016,,,8995,"Unbekannt",8438,"Venezuela",396
2016,,,8995,"Unbekannt",8439,"USA",3953
2016,,,8995,"Unbekannt",8440,"Dominica",5
2016,,,8995,"Unbekannt",8441,"Grenada",4
2016,,,8995,"Unbekannt",8442,"Antigua und Barbuda",2
2016,,,8995,"Unbekannt",8443,"St. Lucia",10
2016,,,8995,"Unbekannt",8444,"St. Vincent und die Grenadinen",1
2016,,,8995,"Unbekannt",8445,"St. Kitts und Nevis",2
2016,,,8995,"Unbekannt",8473,"Kaimaninseln",1
2016,,,8995,"Unbekannt",8476,"Jungferninseln (UK)",1
2016,,,8995,"Unbekannt",8481,"Niederländische Antillen",9
2016,,,8995,"Unbekannt",8483,"Südgeorgien und Südliche Sandwichinseln",1
2016,,,8995,"Unbekannt",8501,"Afghanistan",612
2016,,,8995,"Unbekannt",8502,"Bahrain",10
2016,,,8995,"Unbekannt",8503,"Bhutan",3
2016,,,8995,"Unbekannt",8504,"Brunei Darussalam",7
2016,,,8995,"Unbekannt",8505,"Myanmar",20
2016,,,8995,"Unbekannt",8506,"Sri Lanka",2823
2016,,,8995,"Unbekannt",8507,"Chinesisches Taipei",191
2016,,,8995,"Unbekannt",8508,"China",2242
2016,,,8995,"Unbekannt",8509,"Hongkong",172
2016,,,8995,"Unbekannt",8510,"Indien",3013
2016,,,8995,"Unbekannt",8511,"Indonesien",310
2016,,,8995,"Unbekannt",8512,"Irak",782
2016,,,8995,"Unbekannt",8513,"Iran",1183
2016,,,8995,"Unbekannt",8514,"Israel",937
2016,,,8995,"Unbekannt",8515,"Japan",838
2016,,,8995,"Unbekannt",8516,"Jemen",20
2016,,,8995,"Unbekannt",8517,"Jordanien",63
2016,,,8995,"Unbekannt",8518,"Kambodscha",106
2016,,,8995,"Unbekannt",8519,"Katar",5
2016,,,8995,"Unbekannt",8521,"Kuwait",51
2016,,,8995,"Unbekannt",8522,"Laos",43
2016,,,8995,"Unbekannt",8523,"Libanon",569
2016,,,8995,"Unbekannt",8524,"Macao",3
2016,,,8995,"Unbekannt",8525,"Malaysia",233
2016,,,8995,"Unbekannt",8526,"Malediven",8
2016,,,8995,"Unbekannt",8527,"Oman",7
2016,,,8995,"Unbekannt",8528,"Mongolei",65
2016,,,8995,"Unbekannt",8529,"Nepal",107
2016,,,8995,"Unbekannt",8530,"Nordkorea",21
2016,,,8995,"Unbekannt",8532,"Vereinigte Arabische Emirate",58
2016,,,8995,"Unbekannt",8533,"Pakistan",728
2016,,,8995,"Unbekannt",8534,"Philippinen",1160
2016,,,8995,"Unbekannt",8535,"Saudi-Arabien",85
2016,,,8995,"Unbekannt",8537,"Singapur",193
2016,,,8995,"Unbekannt",8539,"Südkorea",398
2016,,,8995,"Unbekannt",8541,"Syrien",704
2016,,,8995,"Unbekannt",8542,"Thailand",1579
2016,,,8995,"Unbekannt",8545,"Vietnam",494
2016,,,8995,"Unbekannt",8546,"Bangladesch",1024
2016,,,8995,"Unbekannt",8550,"Palästina",4
2016,,,8995,"Unbekannt",8560,"Armenien",15
2016,,,8995,"Unbekannt",8561,"Aserbaidschan",7
2016,,,8995,"Unbekannt",8562,"Georgien",11
2016,,,8995,"Unbekannt",8563,"Kasachstan",16
2016,,,8995,"Unbekannt",8564,"Kirgisistan",10
2016,,,8995,"Unbekannt",8565,"Tadschikistan",3
2016,,,8995,"Unbekannt",8566,"Turkmenistan",1
2016,,,8995,"Unbekannt",8567,"Usbekistan",13
2016,,,8995,"Unbekannt",8601,"Australien",592
2016,,,8995,"Unbekannt",8602,"Fidschi",12
2016,,,8995,"Unbekannt",8606,"Neukaledonien",2
2016,,,8995,"Unbekannt",8607,"Neuseeland",179
2016,,,8995,"Unbekannt",8608,"Papua-Neuguinea",6
2016,,,8995,"Unbekannt",8610,"Tonga",1
2016,,,8995,"Unbekannt",8614,"Salomoninseln",1
2016,,,8995,"Unbekannt",8616,"Kiribati",1
2016,,,8995,"Unbekannt",8654,"Norfolkinsel",1
2016,,,8995,"Unbekannt",8671,"Französisch-Polynesien",2
2016,,,8995,"Unbekannt",8685,"Pitcairninseln",1
2016,,,8995,"Unbekannt",8995,"Unbekannt",986
